run_id,generated_utc,latest_stage_utc,stage_05EA002_m,discharge_05EA002_m3s,hydrograph_limb,hrdps_run_time_utc,hrdps_basin_mm_48h,official_short_range_delay_days,official_threshold_median_date,screened_direct_q_date,field_recession_date,consensus_window_start_date,consensus_window_end_date,weather_ensemble_upper_date,engineering_schedule_contingency_date,provisional_site_wse_low_m,provisional_site_wse_high_m,overall_confidence,decision_status,historical_shadow_cycle_aligned,previous_official_threshold_median_date,official_median_date_change_days,contractor_rain_free_projection_date,contractor_projection_eligible_for_consensus,core_consensus_window_start_date,core_consensus_window_end_date,practical_window_start_date,practical_window_end_date,historical_shadow_sensitivity_date,historical_risk_adjustment_active
20260801T191756Z,2026-08-01T19:17:56+00:00,2026-08-01T18:05:00+00:00,2.062,10.6,falling,2026-08-01T12:00:00+00:00,8.557,1.125,2026-08-10,2026-08-13,2026-08-11,2026-08-10,2026-08-13,2026-08-13,2026-08-20,650.8063,650.8231,low_to_moderate,not_ready,True,,,,,,,,,,
20260801T192900Z,2026-08-01T19:29:00+00:00,2026-08-01T19:05:00+00:00,2.059,10.6,falling,2026-08-01T12:00:00+00:00,8.557,1.125,2026-08-10,2026-08-13,2026-08-11,2026-08-10,2026-08-13,2026-08-13,2026-08-20,650.8063,650.8231,low_to_moderate,not_ready,True,2026-08-10,0,,,,,,,,
20260801T224027Z,2026-08-01T22:40:27+00:00,2026-08-01T22:05:00+00:00,2.054,10.5,falling,2026-08-01T18:00:00+00:00,6.693,1.152,2026-08-10,2026-08-11,2026-08-11,2026-08-10,2026-08-11,2026-08-13,2026-08-20,650.8063,650.8063,low_to_moderate,not_ready,True,2026-08-10,0,,,,,,,,
20260802T044252Z,2026-08-02T04:42:52+00:00,2026-08-02T04:05:00+00:00,2.037,10.3,falling,2026-08-02T00:00:00+00:00,17.415,1.174,2026-08-10,2026-08-12,2026-08-11,2026-08-10,2026-08-12,2026-08-12,2026-08-21,650.7727,650.8063,low_to_moderate,not_ready,True,2026-08-10,0,,,,,,,,
20260802T072020Z,2026-08-02T07:20:20+00:00,2026-08-02T06:05:00+00:00,2.054,10.5,falling,2026-08-02T00:00:00+00:00,17.415,1.175,2026-08-11,2026-08-12,2026-08-11,2026-08-11,2026-08-12,2026-08-13,2026-08-22,650.7474,650.8063,low_to_moderate,not_ready,True,2026-08-10,1,,,,,,,,
20260802T092918Z,2026-08-02T09:29:18+00:00,2026-08-02T09:05:00+00:00,2.063,10.6,falling,2026-08-02T00:00:00+00:00,17.415,1.175,2026-08-11,2026-08-12,2026-08-11,2026-08-11,2026-08-12,2026-08-13,2026-08-22,650.7474,650.8231,low_to_moderate,not_ready,True,2026-08-11,0,,,,,,,,
20260802T110550Z,2026-08-02T11:05:50+00:00,2026-08-02T10:05:00+00:00,2.04,10.4,falling,2026-08-02T06:00:00+00:00,12.866,1.156,2026-08-11,2026-08-12,2026-08-11,2026-08-11,2026-08-12,2026-08-12,2026-08-21,650.7474,650.7895,low_to_moderate,not_ready,True,2026-08-11,0,,,,,,,,
20260802T121407Z,2026-08-02T12:14:07+00:00,2026-08-02T11:05:00+00:00,2.043,10.4,falling,2026-08-02T06:00:00+00:00,12.866,1.157,2026-08-11,2026-08-12,2026-08-11,2026-08-11,2026-08-12,2026-08-12,2026-08-21,650.7474,650.7895,low_to_moderate,not_ready,True,2026-08-11,0,,,,,,,,
20260802T135723Z,2026-08-02T13:57:23+00:00,2026-08-02T13:05:00+00:00,2.058,10.6,falling,2026-08-02T06:00:00+00:00,12.866,1.184,2026-08-11,2026-08-12,2026-08-11,2026-08-11,2026-08-12,2026-08-14,2026-08-22,650.7474,650.8231,low_to_moderate,not_ready,True,2026-08-11,0,,,,,,,,
20260802T150751Z,2026-08-02T15:07:51+00:00,2026-08-02T14:05:00+00:00,2.069,10.7,approximately_flat,2026-08-02T06:00:00+00:00,12.866,1.184,2026-08-11,2026-08-12,2026-08-11,2026-08-11,2026-08-12,2026-08-14,2026-08-22,650.7474,650.8399,low_to_moderate,not_ready,True,2026-08-11,0,,,,,,,,
20260802T161515Z,2026-08-02T16:15:15+00:00,2026-08-02T15:05:00+00:00,2.086,10.9,rising,2026-08-02T12:00:00+00:00,8.715,1.138,2026-08-12,2026-08-12,2026-08-11,2026-08-11,2026-08-12,2026-08-14,2026-08-22,650.7474,650.8736,low_to_moderate,not_ready,True,2026-08-11,1,,,,,,,,
20260802T171901Z,2026-08-02T17:19:01+00:00,2026-08-02T16:05:00+00:00,2.063,10.6,approximately_flat,2026-08-02T12:00:00+00:00,8.715,1.138,2026-08-11,2026-08-12,2026-08-11,2026-08-11,2026-08-12,2026-08-14,2026-08-21,650.7474,650.8231,low_to_moderate,not_ready,True,2026-08-12,-1,,,,,,,,
20260802T181933Z,2026-08-02T18:19:33+00:00,2026-08-02T17:05:00+00:00,2.053,10.5,falling,2026-08-02T12:00:00+00:00,8.715,1.138,2026-08-11,2026-08-12,2026-08-11,2026-08-11,2026-08-12,2026-08-14,2026-08-21,650.7474,650.8063,low_to_moderate,not_ready,True,2026-08-11,0,,,,,,,,
20260802T194337Z,2026-08-02T19:43:37+00:00,2026-08-02T19:05:00+00:00,2.096,11.0,rising,2026-08-02T12:00:00+00:00,8.715,1.131,2026-08-12,2026-08-12,2026-08-11,2026-08-11,2026-08-12,2026-08-14,2026-08-22,650.7474,650.8904,low_to_moderate,not_ready,True,2026-08-11,1,,,,,,,,
20260802T213858Z,2026-08-02T21:38:58+00:00,2026-08-02T21:05:00+00:00,2.08,10.8,rising,2026-08-02T18:00:00+00:00,6.255,1.117,2026-08-12,2026-08-12,2026-08-11,2026-08-11,2026-08-12,2026-08-14,2026-08-22,650.7474,650.8567,low_to_moderate,not_ready,True,2026-08-12,0,,,,,,,,
20260802T224013Z,2026-08-02T22:40:13+00:00,2026-08-02T22:05:00+00:00,2.077,10.8,rising,2026-08-02T18:00:00+00:00,6.255,1.117,2026-08-12,2026-08-12,2026-08-11,2026-08-11,2026-08-12,2026-08-14,2026-08-22,650.7474,650.8567,low_to_moderate,not_ready,True,2026-08-12,0,,,,,,,,
20260803T011829Z,2026-08-03T01:18:29+00:00,2026-08-03T00:05:00+00:00,2.065,10.7,rising,2026-08-02T18:00:00+00:00,6.255,1.113,2026-08-12,2026-08-12,2026-08-11,2026-08-11,2026-08-12,2026-08-14,2026-08-22,650.7474,650.8399,low_to_moderate,not_ready,True,2026-08-12,0,,,,,,,,
20260803T025005Z,2026-08-03T02:50:05+00:00,2026-08-03T00:05:00+00:00,2.065,10.7,rising,2026-08-02T18:00:00+00:00,6.255,1.113,2026-08-12,2026-08-12,,,,2026-08-14,2026-08-22,650.7474,650.8399,low_to_moderate,not_ready,True,2026-08-12,0,2026-08-11,False,2026-08-12,2026-08-12,2026-08-12,2026-08-16,2026-08-16,True
20260803T025039Z,2026-08-03T02:50:39+00:00,2026-08-03T00:05:00+00:00,2.065,10.7,rising,2026-08-02T18:00:00+00:00,6.255,1.113,2026-08-12,2026-08-12,,,,2026-08-14,2026-08-22,650.7474,650.8399,low_to_moderate,not_ready,True,2026-08-12,0,2026-08-11,False,2026-08-12,2026-08-12,2026-08-12,2026-08-16,2026-08-16,True
20260803T025705Z,2026-08-03T02:57:05+00:00,2026-08-03T00:05:00+00:00,2.065,10.7,rising,2026-08-02T18:00:00+00:00,6.255,1.113,2026-08-12,2026-08-12,,,,2026-08-14,2026-08-22,650.7474,650.8399,low_to_moderate,not_ready,True,2026-08-12,0,2026-08-11,False,2026-08-12,2026-08-12,2026-08-12,2026-08-16,2026-08-16,True
20260803T045638Z,2026-08-03T04:56:38+00:00,2026-08-03T04:05:00+00:00,2.037,10.3,approximately_flat,2026-08-03T00:00:00+00:00,5.675,1.1,2026-08-11,2026-08-13,,,,2026-08-12,2026-08-22,650.7474,650.7727,low_to_moderate,not_ready,True,2026-08-12,-1,2026-08-11,False,2026-08-11,2026-08-13,2026-08-11,2026-08-15,2026-08-15,True
20260803T140954Z,2026-08-03T14:09:54+00:00,2026-08-03T13:05:00+00:00,2.001,9.91,falling,2026-08-03T06:00:00+00:00,0.492,,2026-08-10,2026-08-12,,,,2026-08-11,2026-08-19,650.6886,650.7071,low_to_moderate,not_ready,True,2026-08-11,-1,2026-08-11,False,2026-08-10,2026-08-12,2026-08-10,2026-08-12,,False
20260803T164316Z,2026-08-03T16:43:16+00:00,2026-08-03T16:05:00+00:00,1.993,9.82,falling,2026-08-03T12:00:00+00:00,1.686,1.067,2026-08-11,2026-08-12,,,,2026-08-12,2026-08-22,650.6886,650.6919,low_to_moderate,not_ready,True,2026-08-10,1,2026-08-11,False,2026-08-11,2026-08-12,2026-08-11,2026-08-12,,False
20260803T183003Z,2026-08-03T18:30:03+00:00,2026-08-03T18:05:00+00:00,1.992,9.81,falling,2026-08-03T12:00:00+00:00,1.686,1.068,2026-08-12,2026-08-13,,,,2026-08-12,2026-08-22,650.6886,650.6903,low_to_moderate,not_ready,True,2026-08-11,1,2026-08-11,False,2026-08-12,2026-08-13,2026-08-12,2026-08-13,,False
20260803T201727Z,2026-08-03T20:17:27+00:00,2026-08-03T19:05:00+00:00,1.994,9.83,falling,2026-08-03T12:00:00+00:00,1.686,1.068,2026-08-12,2026-08-13,,,,2026-08-12,2026-08-22,650.6886,650.6936,low_to_moderate,not_ready,True,2026-08-12,0,2026-08-11,False,2026-08-12,2026-08-13,2026-08-12,2026-08-13,,False
20260803T234945Z,2026-08-03T23:49:45+00:00,2026-08-03T23:05:00+00:00,1.982,9.7,falling,2026-08-03T18:00:00+00:00,1.183,1.068,2026-08-12,2026-08-13,,,,2026-08-12,2026-08-21,650.6718,650.6886,low_to_moderate,not_ready,True,2026-08-12,0,2026-08-11,False,2026-08-12,2026-08-13,2026-08-12,2026-08-13,,False
20260804T011349Z,2026-08-04T01:13:49+00:00,2026-08-04T00:05:00+00:00,1.978,9.65,falling,2026-08-03T18:00:00+00:00,1.183,1.068,2026-08-12,2026-08-13,,,,2026-08-12,2026-08-21,650.6633,650.6886,low_to_moderate,not_ready,True,2026-08-12,0,2026-08-11,False,2026-08-12,2026-08-13,2026-08-12,2026-08-13,,False
20260804T043329Z,2026-08-04T04:33:29+00:00,2026-08-04T04:05:00+00:00,1.967,9.53,falling,2026-08-04T00:00:00+00:00,1.27,1.059,2026-08-12,2026-08-13,,,,2026-08-12,2026-08-21,650.6432,650.6886,low_to_moderate,not_ready,True,2026-08-12,0,2026-08-11,False,2026-08-12,2026-08-13,2026-08-12,2026-08-13,,False
20260804T072105Z,2026-08-04T07:21:05+00:00,2026-08-04T06:05:00+00:00,1.964,9.5,falling,2026-08-04T00:00:00+00:00,1.27,1.064,2026-08-12,2026-08-14,,,,2026-08-12,2026-08-21,650.6297,650.6381,low_to_moderate,not_ready,True,2026-08-12,0,2026-08-11,False,2026-08-12,2026-08-14,2026-08-12,2026-08-14,,False
20260804T100616Z,2026-08-04T10:06:16+00:00,2026-08-04T09:05:00+00:00,1.962,9.47,falling,2026-08-04T06:00:00+00:00,1.663,1.078,2026-08-12,2026-08-14,,,,2026-08-12,2026-08-22,650.6297,650.6331,low_to_moderate,not_ready,True,2026-08-12,0,2026-08-11,False,2026-08-12,2026-08-14,2026-08-12,2026-08-14,,False
20260804T121349Z,2026-08-04T12:13:49+00:00,2026-08-04T11:05:00+00:00,1.958,9.43,falling,2026-08-04T06:00:00+00:00,1.663,1.079,2026-08-12,2026-08-14,,,,2026-08-12,2026-08-22,650.6264,650.6297,low_to_moderate,not_ready,True,2026-08-12,0,2026-08-11,False,2026-08-12,2026-08-14,2026-08-12,2026-08-14,,False
20260804T163423Z,2026-08-04T16:34:23+00:00,2026-08-04T16:05:00+00:00,1.956,9.41,falling,2026-08-04T12:00:00+00:00,4.766,1.094,2026-08-13,2026-08-13,,,,2026-08-13,2026-08-23,650.623,650.6297,low_to_moderate,not_ready,True,2026-08-12,1,2026-08-11,False,2026-08-13,2026-08-13,2026-08-13,2026-08-16,2026-08-16,True
20260804T181749Z,2026-08-04T18:17:49+00:00,2026-08-04T17:05:00+00:00,1.95,9.34,falling,2026-08-04T12:00:00+00:00,4.766,1.095,2026-08-12,2026-08-13,,,,2026-08-12,2026-08-23,650.6112,650.6297,low_to_moderate,not_ready,True,2026-08-13,-1,2026-08-11,False,2026-08-12,2026-08-13,2026-08-12,2026-08-16,2026-08-16,True
20260804T211809Z,2026-08-04T21:18:09+00:00,2026-08-04T20:05:00+00:00,1.954,9.38,falling,2026-08-04T12:00:00+00:00,4.766,1.095,2026-08-13,2026-08-13,,,,2026-08-13,2026-08-23,650.6179,650.6297,low_to_moderate,not_ready,True,2026-08-12,1,2026-08-11,False,2026-08-13,2026-08-13,2026-08-13,2026-08-17,2026-08-17,True
20260804T223551Z,2026-08-04T22:35:51+00:00,2026-08-04T22:05:00+00:00,1.946,9.3,falling,2026-08-04T18:00:00+00:00,4.038,1.139,2026-08-13,2026-08-13,,,,2026-08-13,2026-08-21,650.6045,650.6297,low_to_moderate,not_ready,True,2026-08-13,0,2026-08-11,False,2026-08-13,2026-08-13,2026-08-13,2026-08-16,2026-08-16,True
20260804T233916Z,2026-08-04T23:39:16+00:00,2026-08-04T23:05:00+00:00,1.949,9.33,falling,2026-08-04T18:00:00+00:00,4.038,1.139,2026-08-13,2026-08-13,,,,2026-08-13,2026-08-22,650.6095,650.6297,low_to_moderate,not_ready,True,2026-08-13,0,2026-08-11,False,2026-08-13,2026-08-13,2026-08-13,2026-08-16,2026-08-16,True
20260805T010557Z,2026-08-05T01:05:57+00:00,2026-08-05T00:05:00+00:00,1.942,9.25,falling,2026-08-04T18:00:00+00:00,4.038,1.139,2026-08-13,2026-08-14,,,,2026-08-13,2026-08-21,650.5961,650.6297,low_to_moderate,not_ready,True,2026-08-13,0,2026-08-11,False,2026-08-13,2026-08-14,2026-08-13,2026-08-16,2026-08-16,True
20260805T042357Z,2026-08-05T04:23:57+00:00,2026-08-05T04:05:00+00:00,1.933,9.15,falling,2026-08-05T00:00:00+00:00,3.079,1.09,2026-08-13,2026-08-14,,,,2026-08-13,2026-08-28,650.5793,650.6297,low_to_moderate,not_ready,True,2026-08-13,0,2026-08-11,False,2026-08-13,2026-08-14,2026-08-13,2026-08-16,2026-08-16,True
20260805T065118Z,2026-08-05T06:51:18+00:00,2026-08-05T06:05:00+00:00,1.948,9.32,falling,2026-08-05T00:00:00+00:00,3.079,1.089,2026-08-13,2026-08-14,,,,2026-08-13,2026-08-29,650.5709,650.6079,low_to_moderate,not_ready,True,2026-08-13,0,2026-08-11,False,2026-08-13,2026-08-14,2026-08-13,2026-08-17,2026-08-17,True
20260805T093101Z,2026-08-05T09:31:01+00:00,2026-08-05T09:05:00+00:00,1.936,9.19,falling,2026-08-05T00:00:00+00:00,3.079,1.089,2026-08-13,2026-08-14,,,,2026-08-13,2026-08-29,650.5709,650.586,low_to_moderate,not_ready,True,2026-08-13,0,2026-08-11,False,2026-08-13,2026-08-14,2026-08-13,2026-08-16,2026-08-16,True
20260805T114046Z,2026-08-05T11:40:46+00:00,2026-08-05T11:05:00+00:00,1.927,9.09,falling,2026-08-05T06:00:00+00:00,1.741,1.076,2026-08-13,2026-08-14,,,,2026-08-13,2026-08-22,650.5692,650.5709,low_to_moderate,not_ready,True,2026-08-13,0,2026-08-11,False,2026-08-13,2026-08-14,2026-08-13,2026-08-16,2026-08-16,True
20260805T132441Z,2026-08-05T13:24:41+00:00,2026-08-05T13:05:00+00:00,1.919,9.0,falling,2026-08-05T06:00:00+00:00,1.741,1.075,2026-08-13,2026-08-14,,,,2026-08-13,2026-08-22,650.554,650.5709,low_to_moderate,not_ready,True,2026-08-13,0,2026-08-11,False,2026-08-13,2026-08-14,2026-08-13,2026-08-16,2026-08-16,True
20260805T153729Z,2026-08-05T15:37:29+00:00,2026-08-05T15:05:00+00:00,1.915,8.96,falling,2026-08-05T12:00:00+00:00,1.127,1.087,2026-08-13,2026-08-13,,,,2026-08-13,2026-08-22,650.5473,650.5709,low_to_moderate,not_ready,True,2026-08-13,0,2026-08-11,False,2026-08-13,2026-08-13,2026-08-13,2026-08-13,,False
20260805T171220Z,2026-08-05T17:12:20+00:00,2026-08-05T16:05:00+00:00,1.916,8.97,falling,2026-08-05T12:00:00+00:00,1.127,1.086,2026-08-13,2026-08-13,,,,2026-08-13,2026-08-22,650.549,650.5709,low_to_moderate,not_ready,True,2026-08-13,0,2026-08-11,False,2026-08-13,2026-08-13,2026-08-13,2026-08-13,,False
20260805T202426Z,2026-08-05T20:24:26+00:00,2026-08-05T20:05:00+00:00,1.914,8.95,falling,2026-08-05T12:00:00+00:00,1.127,1.086,2026-08-13,2026-08-13,,,,2026-08-13,2026-08-22,650.5456,650.5709,low_to_moderate,not_ready,True,2026-08-13,0,2026-08-11,False,2026-08-13,2026-08-13,2026-08-13,2026-08-13,,False
20260805T214144Z,2026-08-05T21:41:44+00:00,2026-08-05T21:05:00+00:00,1.912,8.92,falling,2026-08-05T18:00:00+00:00,1.443,1.124,2026-08-13,2026-08-14,,,,2026-08-13,2026-08-23,650.5406,650.5709,low_to_moderate,not_ready,True,2026-08-13,0,2026-08-11,False,2026-08-13,2026-08-14,2026-08-13,2026-08-14,,False
20260805T224708Z,2026-08-05T22:47:08+00:00,2026-08-05T22:05:00+00:00,1.906,8.86,falling,2026-08-05T18:00:00+00:00,1.443,1.124,2026-08-13,2026-08-14,,,,2026-08-13,2026-08-23,650.5305,650.5709,low_to_moderate,not_ready,True,2026-08-13,0,2026-08-11,False,2026-08-13,2026-08-14,2026-08-13,2026-08-14,,False
20260806T010622Z,2026-08-06T01:06:22+00:00,2026-08-06T00:05:00+00:00,1.905,8.85,falling,2026-08-05T18:00:00+00:00,1.443,1.124,2026-08-13,2026-08-14,,,,2026-08-13,2026-08-23,650.5288,650.5709,low_to_moderate,not_ready,True,2026-08-13,0,2026-08-11,False,2026-08-13,2026-08-14,2026-08-13,2026-08-14,,False
20260806T042642Z,2026-08-06T04:26:42+00:00,2026-08-06T04:05:00+00:00,1.896,8.75,falling,2026-08-06T00:00:00+00:00,1.31,1.121,2026-08-13,2026-08-14,,,,2026-08-13,2026-08-23,650.512,650.5709,low_to_moderate,not_ready,True,2026-08-13,0,2026-08-11,False,2026-08-13,2026-08-14,2026-08-13,2026-08-14,,False
20260806T071336Z,2026-08-06T07:13:36+00:00,2026-08-06T06:05:00+00:00,1.902,8.82,falling,2026-08-06T00:00:00+00:00,1.31,1.121,2026-08-13,2026-08-14,,,,2026-08-13,2026-08-23,650.512,650.5238,low_to_moderate,not_ready,True,2026-08-13,0,2026-08-11,False,2026-08-13,2026-08-14,2026-08-13,2026-08-14,,False
20260806T095443Z,2026-08-06T09:54:43+00:00,2026-08-06T09:05:00+00:00,1.888,8.67,falling,2026-08-06T06:00:00+00:00,1.03,1.147,2026-08-13,2026-08-14,,,,2026-08-13,2026-08-23,650.4985,650.512,low_to_moderate,not_ready,True,2026-08-13,0,2026-08-11,False,2026-08-13,2026-08-14,2026-08-13,2026-08-14,,False
20260806T142355Z,2026-08-06T14:23:55+00:00,2026-08-06T14:05:00+00:00,1.88,8.58,falling,2026-08-06T06:00:00+00:00,1.03,1.146,2026-08-13,2026-08-14,,,,2026-08-13,2026-08-23,650.4834,650.512,low_to_moderate,not_ready,True,2026-08-13,0,2026-08-11,False,2026-08-13,2026-08-14,2026-08-13,2026-08-14,,False
20260807T001630Z,2026-08-07T00:16:30+00:00,2026-08-06T23:05:00+00:00,1.853,8.29,falling,2026-08-06T18:00:00+00:00,2.225,1.092,2026-08-13,2026-08-14,,,,2026-08-13,2026-08-22,650.4346,650.512,low_to_moderate,not_ready,True,2026-08-13,0,2026-08-11,False,2026-08-13,2026-08-14,2026-08-13,2026-08-15,2026-08-15,True
20260807T031949Z,2026-08-07T03:19:49+00:00,2026-08-07T02:05:00+00:00,1.846,8.22,falling,2026-08-06T18:00:00+00:00,2.225,1.093,2026-08-13,2026-08-14,,,,2026-08-13,2026-08-22,650.4229,650.512,low_to_moderate,not_ready,True,2026-08-13,0,2026-08-11,False,2026-08-13,2026-08-14,2026-08-13,2026-08-15,2026-08-15,True
20260807T051204Z,2026-08-07T05:12:04+00:00,2026-08-07T04:05:00+00:00,1.845,8.21,falling,2026-08-07T00:00:00+00:00,0.325,,2026-08-11,2026-08-13,,,,2026-08-11,2026-08-20,650.4212,650.512,low_to_moderate,not_ready,True,2026-08-13,-2,2026-08-11,False,2026-08-11,2026-08-13,2026-08-11,2026-08-13,,False
20260807T062124Z,2026-08-07T06:21:24+00:00,2026-08-07T05:05:00+00:00,1.844,8.2,falling,2026-08-07T00:00:00+00:00,0.325,,2026-08-11,2026-08-13,,,,2026-08-11,2026-08-20,650.4195,650.4531,low_to_moderate,not_ready,True,2026-08-11,0,2026-08-11,False,2026-08-11,2026-08-13,2026-08-11,2026-08-13,,False
20260807T075107Z,2026-08-07T07:51:07+00:00,2026-08-07T07:05:00+00:00,1.841,8.17,falling,2026-08-07T00:00:00+00:00,0.325,,2026-08-11,2026-08-13,,,,2026-08-11,2026-08-20,650.4145,650.4531,low_to_moderate,not_ready,True,2026-08-11,0,2026-08-11,False,2026-08-11,2026-08-13,2026-08-11,2026-08-13,,False
20260807T094540Z,2026-08-07T09:45:40+00:00,2026-08-07T09:05:00+00:00,1.836,8.12,falling,2026-08-07T00:00:00+00:00,0.325,,2026-08-11,2026-08-13,,,,2026-08-11,2026-08-20,650.4061,650.4531,low_to_moderate,not_ready,True,2026-08-11,0,2026-08-11,False,2026-08-11,2026-08-13,2026-08-11,2026-08-13,,False
20260807T103712Z,2026-08-07T10:37:12+00:00,2026-08-07T10:05:00+00:00,1.836,8.12,falling,2026-08-07T06:00:00+00:00,1.072,1.072,2026-08-12,2026-08-14,,,,2026-08-12,2026-08-22,650.4061,650.4531,low_to_moderate,not_ready,True,2026-08-11,1,2026-08-11,False,2026-08-12,2026-08-14,2026-08-12,2026-08-14,2026-08-14,True
20260807T134314Z,2026-08-07T13:43:14+00:00,2026-08-07T13:05:00+00:00,1.83,8.06,falling,2026-08-07T06:00:00+00:00,1.072,1.072,2026-08-12,2026-08-14,,,,2026-08-12,2026-08-22,650.396,650.4531,low_to_moderate,not_ready,True,2026-08-12,0,2026-08-11,False,2026-08-12,2026-08-14,2026-08-12,2026-08-14,2026-08-14,True
20260807T153712Z,2026-08-07T15:37:12+00:00,2026-08-07T15:05:00+00:00,1.828,8.03,falling,2026-08-07T06:00:00+00:00,1.072,1.072,2026-08-12,2026-08-13,,,,2026-08-12,2026-08-22,650.3909,650.4531,low_to_moderate,not_ready,True,2026-08-12,0,2026-08-11,False,2026-08-12,2026-08-13,2026-08-12,2026-08-14,2026-08-14,True
20260807T163549Z,2026-08-07T16:35:49+00:00,2026-08-07T16:05:00+00:00,1.825,8.0,falling,2026-08-07T12:00:00+00:00,5.831,1.11,2026-08-12,2026-08-13,,,,2026-08-12,2026-08-29,650.3859,650.4531,low_to_moderate,not_ready,True,2026-08-12,0,2026-08-11,False,2026-08-12,2026-08-13,2026-08-12,2026-08-15,2026-08-15,True
20260807T173134Z,2026-08-07T17:31:34+00:00,2026-08-07T17:05:00+00:00,1.825,8.0,falling,2026-08-07T12:00:00+00:00,5.831,1.11,2026-08-12,2026-08-13,,,,2026-08-12,2026-08-29,650.3859,650.4531,low_to_moderate,not_ready,True,2026-08-12,0,2026-08-11,False,2026-08-12,2026-08-13,2026-08-12,2026-08-15,2026-08-15,True
20260807T200748Z,2026-08-07T20:07:48+00:00,2026-08-07T19:05:00+00:00,1.822,7.97,falling,2026-08-07T12:00:00+00:00,5.831,1.11,2026-08-12,2026-08-14,,,,2026-08-12,2026-08-29,650.3808,650.4531,low_to_moderate,not_ready,True,2026-08-12,0,2026-08-11,False,2026-08-12,2026-08-14,2026-08-12,2026-08-15,2026-08-15,True
20260807T205708Z,2026-08-07T20:57:08+00:00,2026-08-07T20:05:00+00:00,1.82,7.95,falling,2026-08-07T12:00:00+00:00,5.831,1.11,2026-08-12,2026-08-14,,,,2026-08-12,2026-08-29,650.3775,650.4531,low_to_moderate,not_ready,True,2026-08-12,0,2026-08-11,False,2026-08-12,2026-08-14,2026-08-12,2026-08-15,2026-08-15,True
20260807T221118Z,2026-08-07T22:11:18+00:00,2026-08-07T21:05:00+00:00,1.82,7.95,falling,2026-08-07T18:00:00+00:00,2.663,1.067,2026-08-12,2026-08-14,,,,2026-08-12,2026-08-29,650.3775,650.4531,low_to_moderate,not_ready,True,2026-08-12,0,2026-08-11,False,2026-08-12,2026-08-14,2026-08-12,2026-08-15,2026-08-15,True
20260807T232820Z,2026-08-07T23:28:20+00:00,2026-08-07T23:05:00+00:00,1.813,7.88,falling,2026-08-07T18:00:00+00:00,2.663,1.067,2026-08-12,2026-08-14,,,,2026-08-12,2026-08-29,650.3657,650.4531,low_to_moderate,not_ready,True,2026-08-12,0,2026-08-11,False,2026-08-12,2026-08-14,2026-08-12,2026-08-15,2026-08-15,True
20260808T034642Z,2026-08-08T03:46:42+00:00,2026-08-08T03:05:00+00:00,1.796,7.71,falling,2026-08-07T18:00:00+00:00,2.663,1.067,2026-08-12,2026-08-14,,,,2026-08-12,2026-08-29,650.3371,650.4531,low_to_moderate,not_ready,True,2026-08-12,0,2026-08-11,False,2026-08-12,2026-08-14,2026-08-12,2026-08-14,2026-08-14,True
20260808T052804Z,2026-08-08T05:28:04+00:00,2026-08-08T05:05:00+00:00,1.797,7.72,falling,2026-08-08T00:00:00+00:00,3.423,1.076,2026-08-12,2026-08-14,,,,2026-08-12,2026-08-29,650.3388,650.4531,low_to_moderate,not_ready,True,2026-08-12,0,2026-08-11,False,2026-08-12,2026-08-14,2026-08-12,2026-08-15,2026-08-15,True
20260808T080359Z,2026-08-08T08:03:59+00:00,2026-08-08T07:05:00+00:00,1.799,7.74,falling,2026-08-08T00:00:00+00:00,3.423,1.076,2026-08-12,2026-08-14,,,,2026-08-12,2026-08-29,650.3422,650.3943,low_to_moderate,not_ready,True,2026-08-12,0,2026-08-11,False,2026-08-12,2026-08-14,2026-08-12,2026-08-15,2026-08-15,True
20260808T085324Z,2026-08-08T08:53:24+00:00,2026-08-08T08:05:00+00:00,1.801,7.76,falling,2026-08-08T00:00:00+00:00,3.423,1.075,2026-08-12,2026-08-14,,,,2026-08-12,2026-08-29,650.3455,650.3943,low_to_moderate,not_ready,True,2026-08-12,0,2026-08-11,False,2026-08-12,2026-08-14,2026-08-12,2026-08-15,2026-08-15,True
20260808T092557Z,2026-08-08T09:25:57+00:00,2026-08-08T09:05:00+00:00,1.793,7.68,falling,2026-08-08T00:00:00+00:00,3.423,1.075,2026-08-12,2026-08-14,,,,2026-08-12,2026-08-29,650.3321,650.3943,low_to_moderate,not_ready,True,2026-08-12,0,2026-08-11,False,2026-08-12,2026-08-14,2026-08-12,2026-08-15,2026-08-15,True
20260808T100442Z,2026-08-08T10:04:42+00:00,2026-08-08T09:05:00+00:00,1.793,7.68,falling,2026-08-08T06:00:00+00:00,20.058,1.102,2026-08-12,2026-08-14,,,,2026-08-12,2026-08-23,650.3321,650.3943,low_to_moderate,not_ready,True,2026-08-12,0,2026-08-11,False,2026-08-12,2026-08-14,2026-08-12,2026-08-17,2026-08-17,True
20260808T135857Z,2026-08-08T13:58:57+00:00,2026-08-08T13:05:00+00:00,1.789,7.64,falling,2026-08-08T06:00:00+00:00,20.058,1.102,2026-08-12,2026-08-12,,,,2026-08-12,2026-08-23,650.3253,650.3943,low_to_moderate,not_ready,True,2026-08-12,0,2026-08-11,False,2026-08-12,2026-08-12,2026-08-12,2026-08-17,2026-08-17,True
20260808T164946Z,2026-08-08T16:49:46+00:00,2026-08-08T16:05:00+00:00,1.778,7.53,falling,2026-08-08T12:00:00+00:00,20.208,1.156,2026-08-12,2026-08-12,,,,2026-08-12,2026-08-23,650.3068,650.3943,low_to_moderate,not_ready,True,2026-08-12,0,2026-08-11,False,2026-08-12,2026-08-12,2026-08-12,2026-08-17,2026-08-17,True
20260808T171959Z,2026-08-08T17:19:59+00:00,2026-08-08T16:05:00+00:00,1.778,7.53,falling,2026-08-08T12:00:00+00:00,20.208,1.156,2026-08-12,2026-08-13,,,,2026-08-12,2026-08-23,650.3068,650.3943,low_to_moderate,not_ready,True,2026-08-12,0,2026-08-11,False,2026-08-12,2026-08-13,2026-08-12,2026-08-17,2026-08-17,True
20260808T194556Z,2026-08-08T19:45:56+00:00,2026-08-08T19:05:00+00:00,1.772,7.47,falling,2026-08-08T12:00:00+00:00,20.208,1.156,2026-08-12,2026-08-13,,,,2026-08-12,2026-08-23,650.2968,650.3943,low_to_moderate,not_ready,True,2026-08-12,0,2026-08-11,False,2026-08-12,2026-08-13,2026-08-12,2026-08-17,2026-08-17,True
20260808T214710Z,2026-08-08T21:47:10+00:00,2026-08-08T21:05:00+00:00,1.769,7.44,falling,2026-08-08T12:00:00+00:00,20.208,1.156,2026-08-12,2026-08-13,,,,2026-08-12,2026-08-23,650.2917,650.3943,low_to_moderate,not_ready,True,2026-08-12,0,2026-08-11,False,2026-08-12,2026-08-13,2026-08-12,2026-08-17,2026-08-17,True
20260808T221701Z,2026-08-08T22:17:01+00:00,2026-08-08T21:05:00+00:00,1.769,7.44,falling,2026-08-08T18:00:00+00:00,20.107,1.089,2026-08-12,2026-08-13,,,,2026-08-12,2026-08-23,650.2917,650.3943,low_to_moderate,not_ready,True,2026-08-12,0,2026-08-11,False,2026-08-12,2026-08-13,2026-08-12,2026-08-17,2026-08-17,True
20260808T225103Z,2026-08-08T22:51:03+00:00,2026-08-08T22:05:00+00:00,1.766,7.41,falling,2026-08-08T18:00:00+00:00,20.107,1.089,2026-08-12,2026-08-13,,,,2026-08-12,2026-08-23,650.2867,650.3943,low_to_moderate,not_ready,True,2026-08-12,0,2026-08-11,False,2026-08-12,2026-08-13,2026-08-12,2026-08-17,2026-08-17,True
20260809T004035Z,2026-08-09T00:40:35+00:00,2026-08-09T00:05:00+00:00,1.761,7.36,falling,2026-08-08T18:00:00+00:00,20.107,1.089,2026-08-12,2026-08-13,,,,2026-08-12,2026-08-23,650.2783,650.3943,low_to_moderate,not_ready,True,2026-08-12,0,2026-08-11,False,2026-08-12,2026-08-13,2026-08-12,2026-08-17,2026-08-17,True
20260809T025324Z,2026-08-09T02:53:24+00:00,2026-08-09T02:05:00+00:00,1.752,7.27,falling,2026-08-08T18:00:00+00:00,20.107,1.09,2026-08-12,2026-08-13,,,,2026-08-12,2026-08-23,650.2631,650.3943,low_to_moderate,not_ready,True,2026-08-12,0,2026-08-11,False,2026-08-12,2026-08-13,2026-08-12,2026-08-17,2026-08-17,True
20260809T040858Z,2026-08-09T04:08:58+00:00,2026-08-09T03:05:00+00:00,1.756,7.31,falling,2026-08-09T00:00:00+00:00,9.308,1.075,2026-08-12,2026-08-13,,,,2026-08-12,2026-08-29,650.2698,650.3943,low_to_moderate,not_ready,True,2026-08-12,0,2026-08-11,False,2026-08-12,2026-08-13,2026-08-12,2026-08-16,2026-08-16,True
20260809T052025Z,2026-08-09T05:20:25+00:00,2026-08-09T04:05:00+00:00,1.757,7.32,falling,2026-08-09T00:00:00+00:00,9.308,1.075,2026-08-12,2026-08-13,,,,2026-08-12,2026-08-29,650.2715,650.3943,low_to_moderate,not_ready,True,2026-08-12,0,2026-08-11,False,2026-08-12,2026-08-13,2026-08-12,2026-08-16,2026-08-16,True
20260809T080429Z,2026-08-09T08:04:29+00:00,2026-08-09T07:05:00+00:00,1.757,7.32,falling,2026-08-09T00:00:00+00:00,9.308,1.075,2026-08-12,2026-08-13,,,,2026-08-12,2026-08-30,650.2715,650.3354,low_to_moderate,not_ready,True,2026-08-12,0,2026-08-11,False,2026-08-12,2026-08-13,2026-08-12,2026-08-16,2026-08-16,True
20260809T085841Z,2026-08-09T08:58:41+00:00,2026-08-09T08:05:00+00:00,1.754,7.29,falling,2026-08-09T00:00:00+00:00,9.308,1.075,2026-08-12,2026-08-13,,,,2026-08-12,2026-08-30,650.2665,650.3354,low_to_moderate,not_ready,True,2026-08-12,0,2026-08-11,False,2026-08-12,2026-08-13,2026-08-12,2026-08-16,2026-08-16,True
20260809T110110Z,2026-08-09T11:01:10+00:00,2026-08-09T10:05:00+00:00,1.758,7.33,falling,2026-08-09T06:00:00+00:00,10.589,1.079,2026-08-12,2026-08-13,,,,2026-08-12,2026-08-30,650.2732,650.3354,low_to_moderate,not_ready,True,2026-08-12,0,2026-08-11,False,2026-08-12,2026-08-13,2026-08-12,2026-08-17,2026-08-17,True
20260809T113549Z,2026-08-09T11:35:49+00:00,2026-08-09T11:05:00+00:00,1.751,7.26,falling,2026-08-09T06:00:00+00:00,10.589,1.079,2026-08-12,2026-08-13,,,,2026-08-12,2026-08-30,650.2614,650.3354,low_to_moderate,not_ready,True,2026-08-12,0,2026-08-11,False,2026-08-12,2026-08-13,2026-08-12,2026-08-16,2026-08-16,True
20260809T130459Z,2026-08-09T13:04:59+00:00,2026-08-09T12:05:00+00:00,1.748,7.23,falling,2026-08-09T06:00:00+00:00,10.589,1.079,2026-08-12,2026-08-13,,,,2026-08-12,2026-08-30,650.2564,650.3354,low_to_moderate,not_ready,True,2026-08-12,0,2026-08-11,False,2026-08-12,2026-08-13,2026-08-12,2026-08-16,2026-08-16,True
20260809T135756Z,2026-08-09T13:57:56+00:00,2026-08-09T13:05:00+00:00,1.751,7.26,falling,2026-08-09T06:00:00+00:00,10.589,1.079,2026-08-12,2026-08-12,,,,2026-08-12,2026-08-30,650.2614,650.3354,low_to_moderate,not_ready,True,2026-08-12,0,2026-08-11,False,2026-08-12,2026-08-12,2026-08-12,2026-08-17,2026-08-17,True
20260809T162011Z,2026-08-09T16:20:11+00:00,2026-08-09T15:05:00+00:00,1.749,7.24,falling,2026-08-09T12:00:00+00:00,6.129,1.125,2026-08-12,2026-08-13,,,,2026-08-12,2026-08-23,650.2581,650.3354,low_to_moderate,not_ready,True,2026-08-12,0,2026-08-11,False,2026-08-12,2026-08-13,2026-08-12,2026-08-16,2026-08-16,True
20260809T174118Z,2026-08-09T17:41:18+00:00,2026-08-09T17:05:00+00:00,1.746,7.21,falling,2026-08-09T12:00:00+00:00,6.129,1.125,2026-08-12,2026-08-13,,,,2026-08-12,2026-08-23,650.253,650.3354,low_to_moderate,not_ready,True,2026-08-12,0,2026-08-11,False,2026-08-12,2026-08-13,2026-08-12,2026-08-16,2026-08-16,True
20260809T190304Z,2026-08-09T19:03:04+00:00,2026-08-09T18:05:00+00:00,1.743,7.18,falling,2026-08-09T12:00:00+00:00,6.129,1.125,2026-08-11,2026-08-13,,,,2026-08-11,2026-08-23,650.248,650.3354,low_to_moderate,inspection_window_approaching,True,2026-08-12,-1,2026-08-11,False,2026-08-11,2026-08-13,2026-08-11,2026-08-15,2026-08-15,True
20260809T194118Z,2026-08-09T19:41:18+00:00,2026-08-09T19:05:00+00:00,1.74,7.15,falling,2026-08-09T12:00:00+00:00,6.129,1.126,2026-08-11,2026-08-13,,,,2026-08-11,2026-08-23,650.2429,650.3354,low_to_moderate,inspection_window_approaching,True,2026-08-11,0,2026-08-11,False,2026-08-11,2026-08-13,2026-08-11,2026-08-15,2026-08-15,True
20260809T215540Z,2026-08-09T21:55:40+00:00,2026-08-09T21:05:00+00:00,1.737,7.12,falling,2026-08-09T12:00:00+00:00,6.129,1.126,2026-08-11,2026-08-13,,,,2026-08-11,2026-08-23,650.2379,650.3354,low_to_moderate,inspection_window_approaching,True,2026-08-11,0,2026-08-11,False,2026-08-11,2026-08-13,2026-08-11,2026-08-15,2026-08-15,True
20260809T222025Z,2026-08-09T22:20:25+00:00,2026-08-09T21:05:00+00:00,1.737,7.12,falling,2026-08-09T18:00:00+00:00,0.299,,2026-08-10,2026-08-11,,,,2026-08-10,2026-08-19,650.2379,650.3354,low_to_moderate,inspection_window_approaching,True,2026-08-11,-1,2026-08-11,False,2026-08-10,2026-08-11,2026-08-10,2026-08-11,,False
20260810T023353Z,2026-08-10T02:33:53+00:00,2026-08-10T02:05:00+00:00,1.723,6.99,falling,2026-08-09T18:00:00+00:00,0.299,,2026-08-10,2026-08-11,,,,2026-08-10,2026-08-19,650.216,650.3354,low_to_moderate,inspection_window_approaching,True,2026-08-10,0,2026-08-11,False,2026-08-10,2026-08-11,2026-08-10,2026-08-11,,False
20260810T041715Z,2026-08-10T04:17:15+00:00,2026-08-10T03:05:00+00:00,1.724,7.0,falling,2026-08-10T00:00:00+00:00,5.143,1.14,2026-08-11,2026-08-13,,,,2026-08-11,2026-08-23,650.2177,650.3354,low_to_moderate,inspection_window_approaching,True,2026-08-10,1,2026-08-11,False,2026-08-11,2026-08-13,2026-08-11,2026-08-15,2026-08-15,True
20260810T055309Z,2026-08-10T05:53:09+00:00,2026-08-10T05:05:00+00:00,1.722,6.98,falling,2026-08-10T00:00:00+00:00,5.143,1.14,2026-08-11,2026-08-13,,,,2026-08-11,2026-08-23,650.2144,650.3354,low_to_moderate,inspection_window_approaching,True,2026-08-11,0,2026-08-11,False,2026-08-11,2026-08-13,2026-08-11,2026-08-15,2026-08-15,True
