complete_horizon,horizon_h,intervals_expected,intervals_used,max_mm,mean_mm,model,pct_gt_10mm,pct_gt_20mm,pct_gt_30mm,pct_gt_50mm,pct_gt_5mm,run_time_utc,source_files,subarea,valid_cells
True,24,4,4,16.41630950308172,2.9949686907356505,HRDPS,5.811138014527845,0.0,0.0,0.0,11.380145278450362,2026-08-01T18:00:00+00:00,20260801T18Z_MSC_HRDPS_APCP-Accum6h_Sfc_RLatLon0.0225_PT006H.grib2|20260801T18Z_MSC_HRDPS_APCP-Accum6h_Sfc_RLatLon0.0225_PT012H.grib2|20260801T18Z_MSC_HRDPS_APCP-Accum6h_Sfc_RLatLon0.0225_PT018H.grib2|20260801T18Z_MSC_HRDPS_APCP-Accum6h_Sfc_RLatLon0.0225_PT024H.grib2,basin_to_05EA002,413
True,24,4,4,11.45251946663484,1.970662979677835,HRDPS,0.32573289902280134,0.0,0.0,0.0,2.9315960912052117,2026-08-01T18:00:00+00:00,20260801T18Z_MSC_HRDPS_APCP-Accum6h_Sfc_RLatLon0.0225_PT006H.grib2|20260801T18Z_MSC_HRDPS_APCP-Accum6h_Sfc_RLatLon0.0225_PT012H.grib2|20260801T18Z_MSC_HRDPS_APCP-Accum6h_Sfc_RLatLon0.0225_PT018H.grib2|20260801T18Z_MSC_HRDPS_APCP-Accum6h_Sfc_RLatLon0.0225_PT024H.grib2,basin_to_05EA005_villeneuve,307
True,24,4,4,16.41630950308172,5.961589948233285,HRDPS,21.69811320754717,0.0,0.0,0.0,35.84905660377358,2026-08-01T18:00:00+00:00,20260801T18Z_MSC_HRDPS_APCP-Accum6h_Sfc_RLatLon0.0225_PT006H.grib2|20260801T18Z_MSC_HRDPS_APCP-Accum6h_Sfc_RLatLon0.0225_PT012H.grib2|20260801T18Z_MSC_HRDPS_APCP-Accum6h_Sfc_RLatLon0.0225_PT018H.grib2|20260801T18Z_MSC_HRDPS_APCP-Accum6h_Sfc_RLatLon0.0225_PT024H.grib2,lower_incremental_05EA005_to_05EA002,106
True,24,4,4,5.952299818396568,1.6322987847652093,HRDPS,0.0,0.0,0.0,0.0,1.8018018018018018,2026-08-01T18:00:00+00:00,20260801T18Z_MSC_HRDPS_APCP-Accum6h_Sfc_RLatLon0.0225_PT006H.grib2|20260801T18Z_MSC_HRDPS_APCP-Accum6h_Sfc_RLatLon0.0225_PT012H.grib2|20260801T18Z_MSC_HRDPS_APCP-Accum6h_Sfc_RLatLon0.0225_PT018H.grib2|20260801T18Z_MSC_HRDPS_APCP-Accum6h_Sfc_RLatLon0.0225_PT024H.grib2,upper_lake_chain_isle_lac_ste_anne,111
True,24,4,4,11.45251946663484,2.162287600266108,HRDPS,0.5102040816326531,0.0,0.0,0.0,3.571428571428571,2026-08-01T18:00:00+00:00,20260801T18Z_MSC_HRDPS_APCP-Accum6h_Sfc_RLatLon0.0225_PT006H.grib2|20260801T18Z_MSC_HRDPS_APCP-Accum6h_Sfc_RLatLon0.0225_PT012H.grib2|20260801T18Z_MSC_HRDPS_APCP-Accum6h_Sfc_RLatLon0.0225_PT018H.grib2|20260801T18Z_MSC_HRDPS_APCP-Accum6h_Sfc_RLatLon0.0225_PT024H.grib2,lac_ste_anne_to_villeneuve_mainstem,196
True,24,4,4,5.463989753512578,3.022875253874372,HRDPS,0.0,0.0,0.0,0.0,2.2222222222222223,2026-08-01T18:00:00+00:00,20260801T18Z_MSC_HRDPS_APCP-Accum6h_Sfc_RLatLon0.0225_PT006H.grib2|20260801T18Z_MSC_HRDPS_APCP-Accum6h_Sfc_RLatLon0.0225_PT012H.grib2|20260801T18Z_MSC_HRDPS_APCP-Accum6h_Sfc_RLatLon0.0225_PT018H.grib2|20260801T18Z_MSC_HRDPS_APCP-Accum6h_Sfc_RLatLon0.0225_PT024H.grib2,atim_creek_big_lake_tributary,45
True,24,4,4,16.41630950308172,12.148416271993483,HRDPS,75.0,0.0,0.0,0.0,100.0,2026-08-01T18:00:00+00:00,20260801T18Z_MSC_HRDPS_APCP-Accum6h_Sfc_RLatLon0.0225_PT006H.grib2|20260801T18Z_MSC_HRDPS_APCP-Accum6h_Sfc_RLatLon0.0225_PT012H.grib2|20260801T18Z_MSC_HRDPS_APCP-Accum6h_Sfc_RLatLon0.0225_PT018H.grib2|20260801T18Z_MSC_HRDPS_APCP-Accum6h_Sfc_RLatLon0.0225_PT024H.grib2,carrot_creek,12
True,24,4,4,15.585659835953265,7.1452684249889735,HRDPS,28.57142857142857,0.0,0.0,0.0,51.02040816326531,2026-08-01T18:00:00+00:00,20260801T18Z_MSC_HRDPS_APCP-Accum6h_Sfc_RLatLon0.0225_PT006H.grib2|20260801T18Z_MSC_HRDPS_APCP-Accum6h_Sfc_RLatLon0.0225_PT012H.grib2|20260801T18Z_MSC_HRDPS_APCP-Accum6h_Sfc_RLatLon0.0225_PT018H.grib2|20260801T18Z_MSC_HRDPS_APCP-Accum6h_Sfc_RLatLon0.0225_PT024H.grib2,direct_big_lake_and_local_to_05EA002,49
True,48,8,8,19.455489394429605,6.693470937393664,HRDPS,8.47457627118644,0.0,0.0,0.0,76.02905569007264,2026-08-01T18:00:00+00:00,20260801T18Z_MSC_HRDPS_APCP-Accum6h_Sfc_RLatLon0.0225_PT006H.grib2|20260801T18Z_MSC_HRDPS_APCP-Accum6h_Sfc_RLatLon0.0225_PT012H.grib2|20260801T18Z_MSC_HRDPS_APCP-Accum6h_Sfc_RLatLon0.0225_PT018H.grib2|20260801T18Z_MSC_HRDPS_APCP-Accum6h_Sfc_RLatLon0.0225_PT024H.grib2|20260801T18Z_MSC_HRDPS_APCP-Accum6h_Sfc_RLatLon0.0225_PT030H.grib2|20260801T18Z_MSC_HRDPS_APCP-Accum6h_Sfc_RLatLon0.0225_PT036H.grib2|20260801T18Z_MSC_HRDPS_APCP-Accum6h_Sfc_RLatLon0.0225_PT042H.grib2|20260801T18Z_MSC_HRDPS_APCP-Accum6h_Sfc_RLatLon0.0225_PT048H.grib2,basin_to_05EA002,413
True,48,8,8,14.500779350753874,5.899950168643359,HRDPS,1.6286644951140066,0.0,0.0,0.0,69.38110749185668,2026-08-01T18:00:00+00:00,20260801T18Z_MSC_HRDPS_APCP-Accum6h_Sfc_RLatLon0.0225_PT006H.grib2|20260801T18Z_MSC_HRDPS_APCP-Accum6h_Sfc_RLatLon0.0225_PT012H.grib2|20260801T18Z_MSC_HRDPS_APCP-Accum6h_Sfc_RLatLon0.0225_PT018H.grib2|20260801T18Z_MSC_HRDPS_APCP-Accum6h_Sfc_RLatLon0.0225_PT024H.grib2|20260801T18Z_MSC_HRDPS_APCP-Accum6h_Sfc_RLatLon0.0225_PT030H.grib2|20260801T18Z_MSC_HRDPS_APCP-Accum6h_Sfc_RLatLon0.0225_PT036H.grib2|20260801T18Z_MSC_HRDPS_APCP-Accum6h_Sfc_RLatLon0.0225_PT042H.grib2|20260801T18Z_MSC_HRDPS_APCP-Accum6h_Sfc_RLatLon0.0225_PT048H.grib2,basin_to_05EA005_villeneuve,307
True,48,8,8,19.455489394429605,8.991686748774264,HRDPS,28.30188679245283,0.0,0.0,0.0,95.28301886792453,2026-08-01T18:00:00+00:00,20260801T18Z_MSC_HRDPS_APCP-Accum6h_Sfc_RLatLon0.0225_PT006H.grib2|20260801T18Z_MSC_HRDPS_APCP-Accum6h_Sfc_RLatLon0.0225_PT012H.grib2|20260801T18Z_MSC_HRDPS_APCP-Accum6h_Sfc_RLatLon0.0225_PT018H.grib2|20260801T18Z_MSC_HRDPS_APCP-Accum6h_Sfc_RLatLon0.0225_PT024H.grib2|20260801T18Z_MSC_HRDPS_APCP-Accum6h_Sfc_RLatLon0.0225_PT030H.grib2|20260801T18Z_MSC_HRDPS_APCP-Accum6h_Sfc_RLatLon0.0225_PT036H.grib2|20260801T18Z_MSC_HRDPS_APCP-Accum6h_Sfc_RLatLon0.0225_PT042H.grib2|20260801T18Z_MSC_HRDPS_APCP-Accum6h_Sfc_RLatLon0.0225_PT048H.grib2,lower_incremental_05EA005_to_05EA002,106
True,48,8,8,10.20426981151104,5.6368127327715465,HRDPS,0.9009009009009009,0.0,0.0,0.0,45.04504504504504,2026-08-01T18:00:00+00:00,20260801T18Z_MSC_HRDPS_APCP-Accum6h_Sfc_RLatLon0.0225_PT006H.grib2|20260801T18Z_MSC_HRDPS_APCP-Accum6h_Sfc_RLatLon0.0225_PT012H.grib2|20260801T18Z_MSC_HRDPS_APCP-Accum6h_Sfc_RLatLon0.0225_PT018H.grib2|20260801T18Z_MSC_HRDPS_APCP-Accum6h_Sfc_RLatLon0.0225_PT024H.grib2|20260801T18Z_MSC_HRDPS_APCP-Accum6h_Sfc_RLatLon0.0225_PT030H.grib2|20260801T18Z_MSC_HRDPS_APCP-Accum6h_Sfc_RLatLon0.0225_PT036H.grib2|20260801T18Z_MSC_HRDPS_APCP-Accum6h_Sfc_RLatLon0.0225_PT042H.grib2|20260801T18Z_MSC_HRDPS_APCP-Accum6h_Sfc_RLatLon0.0225_PT048H.grib2,upper_lake_chain_isle_lac_ste_anne,111
True,48,8,8,14.500779350753874,6.048971879774845,HRDPS,2.0408163265306123,0.0,0.0,0.0,83.16326530612244,2026-08-01T18:00:00+00:00,20260801T18Z_MSC_HRDPS_APCP-Accum6h_Sfc_RLatLon0.0225_PT006H.grib2|20260801T18Z_MSC_HRDPS_APCP-Accum6h_Sfc_RLatLon0.0225_PT012H.grib2|20260801T18Z_MSC_HRDPS_APCP-Accum6h_Sfc_RLatLon0.0225_PT018H.grib2|20260801T18Z_MSC_HRDPS_APCP-Accum6h_Sfc_RLatLon0.0225_PT024H.grib2|20260801T18Z_MSC_HRDPS_APCP-Accum6h_Sfc_RLatLon0.0225_PT030H.grib2|20260801T18Z_MSC_HRDPS_APCP-Accum6h_Sfc_RLatLon0.0225_PT036H.grib2|20260801T18Z_MSC_HRDPS_APCP-Accum6h_Sfc_RLatLon0.0225_PT042H.grib2|20260801T18Z_MSC_HRDPS_APCP-Accum6h_Sfc_RLatLon0.0225_PT048H.grib2,lac_ste_anne_to_villeneuve_mainstem,196
True,48,8,8,7.918109733847814,5.9306202853901295,HRDPS,0.0,0.0,0.0,0.0,88.88888888888889,2026-08-01T18:00:00+00:00,20260801T18Z_MSC_HRDPS_APCP-Accum6h_Sfc_RLatLon0.0225_PT006H.grib2|20260801T18Z_MSC_HRDPS_APCP-Accum6h_Sfc_RLatLon0.0225_PT012H.grib2|20260801T18Z_MSC_HRDPS_APCP-Accum6h_Sfc_RLatLon0.0225_PT018H.grib2|20260801T18Z_MSC_HRDPS_APCP-Accum6h_Sfc_RLatLon0.0225_PT024H.grib2|20260801T18Z_MSC_HRDPS_APCP-Accum6h_Sfc_RLatLon0.0225_PT030H.grib2|20260801T18Z_MSC_HRDPS_APCP-Accum6h_Sfc_RLatLon0.0225_PT036H.grib2|20260801T18Z_MSC_HRDPS_APCP-Accum6h_Sfc_RLatLon0.0225_PT042H.grib2|20260801T18Z_MSC_HRDPS_APCP-Accum6h_Sfc_RLatLon0.0225_PT048H.grib2,atim_creek_big_lake_tributary,45
True,48,8,8,19.455489394429605,15.325957843352322,HRDPS,100.0,0.0,0.0,0.0,100.0,2026-08-01T18:00:00+00:00,20260801T18Z_MSC_HRDPS_APCP-Accum6h_Sfc_RLatLon0.0225_PT006H.grib2|20260801T18Z_MSC_HRDPS_APCP-Accum6h_Sfc_RLatLon0.0225_PT012H.grib2|20260801T18Z_MSC_HRDPS_APCP-Accum6h_Sfc_RLatLon0.0225_PT018H.grib2|20260801T18Z_MSC_HRDPS_APCP-Accum6h_Sfc_RLatLon0.0225_PT024H.grib2|20260801T18Z_MSC_HRDPS_APCP-Accum6h_Sfc_RLatLon0.0225_PT030H.grib2|20260801T18Z_MSC_HRDPS_APCP-Accum6h_Sfc_RLatLon0.0225_PT036H.grib2|20260801T18Z_MSC_HRDPS_APCP-Accum6h_Sfc_RLatLon0.0225_PT042H.grib2|20260801T18Z_MSC_HRDPS_APCP-Accum6h_Sfc_RLatLon0.0225_PT048H.grib2,carrot_creek,12
True,48,8,8,18.696519796270877,10.25162017157731,HRDPS,36.734693877551024,0.0,0.0,0.0,100.0,2026-08-01T18:00:00+00:00,20260801T18Z_MSC_HRDPS_APCP-Accum6h_Sfc_RLatLon0.0225_PT006H.grib2|20260801T18Z_MSC_HRDPS_APCP-Accum6h_Sfc_RLatLon0.0225_PT012H.grib2|20260801T18Z_MSC_HRDPS_APCP-Accum6h_Sfc_RLatLon0.0225_PT018H.grib2|20260801T18Z_MSC_HRDPS_APCP-Accum6h_Sfc_RLatLon0.0225_PT024H.grib2|20260801T18Z_MSC_HRDPS_APCP-Accum6h_Sfc_RLatLon0.0225_PT030H.grib2|20260801T18Z_MSC_HRDPS_APCP-Accum6h_Sfc_RLatLon0.0225_PT036H.grib2|20260801T18Z_MSC_HRDPS_APCP-Accum6h_Sfc_RLatLon0.0225_PT042H.grib2|20260801T18Z_MSC_HRDPS_APCP-Accum6h_Sfc_RLatLon0.0225_PT048H.grib2,direct_big_lake_and_local_to_05EA002,49
