event_id,rain_start_utc,rain_end_utc,rain_duration_h,analysis_end_utc,truncation_reason,response_censored,pre_stage_m,pre_discharge_m3s,antecedent_24h_mm,antecedent_72h_mm,antecedent_168h_mm,response_onset_utc,lag_to_onset_h,departure_peak_utc,q_departure_peak_m3s,stage_departure_peak_m,estimated_recession_days_lost,recovery_utc,recovery_duration_h,spatial_periods_requested,spatial_periods_available,spatial_coverage_fraction,basin_mean_mm,basin_max_mm,basin_pct_gt_5mm,basin_pct_gt_10mm,basin_pct_gt_20mm,basin_pct_gt_30mm,basin_pct_gt_50mm,lower_mean_mm,lower_max_mm,lower_pct_gt_5mm,lower_pct_gt_10mm,lower_pct_gt_20mm,lower_pct_gt_30mm,lower_pct_gt_50mm,upper_mean_mm,upper_max_mm,upper_pct_gt_5mm,upper_pct_gt_10mm,upper_pct_gt_20mm,upper_pct_gt_30mm,upper_pct_gt_50mm,middle_mean_mm,middle_max_mm,middle_pct_gt_5mm,middle_pct_gt_10mm,middle_pct_gt_20mm,middle_pct_gt_30mm,middle_pct_gt_50mm,atim_mean_mm,atim_max_mm,atim_pct_gt_5mm,atim_pct_gt_10mm,atim_pct_gt_20mm,atim_pct_gt_30mm,atim_pct_gt_50mm,carrot_mean_mm,carrot_max_mm,carrot_pct_gt_5mm,carrot_pct_gt_10mm,carrot_pct_gt_20mm,carrot_pct_gt_30mm,carrot_pct_gt_50mm,local_mean_mm,local_max_mm,local_pct_gt_5mm,local_pct_gt_10mm,local_pct_gt_20mm,local_pct_gt_30mm,local_pct_gt_50mm,basin_mm,lower_ratio,upper_ratio,duration_h,storm_type,isolated_event,response_quality,eligible_for_point_training,eligible_for_recovery_training,peak_support_status,recomputed_peak_utc,recomputed_q_departure_peak_m3s,recomputed_stage_departure_peak_m,q_departure_at_analysis_end_m3s,stage_departure_at_analysis_end_m,hours_observed_after_peak,post_peak_decline_m3s,post_peak_decline_fraction,last_6h_departure_change_m3s,last_12h_departure_change_m3s,minimum_required_peak_decline_m3s,peak_resolved,recomputed_peak_days_lost,censored_remaining_days_lower_bound,recomputed_recovery_utc,recovery_complete,recovery_duration_h,eligible_for_peak_training,eligible_as_censored_lower_bound,peak_response_quality
1,2025-03-09T06:00:00+00:00,2025-03-10T06:00:00+00:00,24.0,2025-03-13T00:00:00+00:00,next_rain_event,True,0.7284999999999999,0.382,0.0025880951434373,0.0213857139571614,0.3046642783571899,2025-03-09T16:00:00+00:00,10.0,2025-03-13T00:00:00+00:00,0.6715877305659672,0.127567483589628,5.359373470180386,,,4,4,1.0,6.745629593020394,10.840449571609495,73.80952380952381,9.523809523809524,0.0,0.0,0.0,9.571189659833909,10.840449571609495,100.0,40.0,0.0,0.0,0.0,5.668599868814151,8.160099506378174,58.333333333333336,0.0,0.0,0.0,0.0,5.979067394137383,9.72219979763031,70.0,0.0,0.0,0.0,0.0,10.392674595117567,10.840449571609495,100.0,75.0,0.0,0.0,0.0,6.966149985790253,6.966149985790253,100.0,0.0,0.0,0.0,0.0,9.435009646415711,10.682149648666382,100.0,20.0,0.0,0.0,0.0,6.745629593020394,1.4188726979223825,0.8403366640052946,24.0,lower_basin_concentrated,True,censored_lower_bound,False,False,evaluated,2025-03-13T00:00:00+00:00,0.6715877305659672,0.127567483589628,0.6715877305659672,0.127567483589628,0.0,0.0,0.0,,,0.1,False,5.359373470180386,5.359373470180386,,False,,False,True,unresolved_peak_lower_bound
2,2025-03-13T00:00:00+00:00,2025-03-14T06:00:00+00:00,30.0,2025-03-27T00:00:00+00:00,next_rain_event,True,0.774,0.543,0.4236487972874394,2.406929698768571,7.400353383745476,2025-03-13T09:00:00+00:00,9.0,2025-03-27T00:00:00+00:00,1.8453285845130256,0.3837741064896156,21.898321985209645,,,5,5,1.0,7.520770032491002,9.590149641036987,100.0,0.0,0.0,0.0,0.0,6.645284850895405,6.772600010037422,100.0,0.0,0.0,0.0,0.0,8.796795575569073,9.590149641036987,100.0,0.0,0.0,0.0,0.0,7.192897297441959,8.996999591588974,100.0,0.0,0.0,0.0,0.0,6.7104498371481895,6.772600010037422,100.0,0.0,0.0,0.0,0.0,6.762049809098244,6.762049809098244,100.0,0.0,0.0,0.0,0.0,6.569799870252609,6.680499747395515,100.0,0.0,0.0,0.0,0.0,7.520770032491002,0.8835910182317298,1.169666874211739,30.0,widespread_basin,True,censored_lower_bound,False,False,evaluated,2025-03-27T00:00:00+00:00,1.8453285845130256,0.38377410648961563,1.8453285845130256,0.37734478736476634,0.0,0.0,0.0,,,0.18453285845130257,False,21.898321985209645,21.898321985209645,,False,,False,True,unresolved_peak_lower_bound
3,2025-03-27T00:00:00+00:00,2025-03-29T06:00:00+00:00,54.0,2025-04-08T00:00:00+00:00,next_rain_event,True,0.8585,0.766,0.0255690470332324,0.162810710619115,0.3411624908483299,2025-03-27T11:00:00+00:00,11.0,2025-04-07T22:00:00+00:00,4.162204325299619,0.2783609048140669,42.489651110253206,,,9,9,1.0,20.52042429929688,21.71622484922409,100.0,100.0,69.04761904761905,0.0,0.0,21.03960736393929,21.71622484922409,100.0,100.0,90.0,0.0,0.0,19.506491536895435,19.931924909353256,100.0,100.0,0.0,0.0,0.0,20.869192424416543,21.69037473201752,100.0,100.0,100.0,0.0,0.0,21.288037180900574,21.71622484922409,100.0,100.0,100.0,0.0,0.0,19.88680011034012,19.88680011034012,100.0,100.0,0.0,0.0,0.0,21.071424961090088,21.71622484922409,100.0,100.0,100.0,0.0,0.0,20.52042429929688,1.0253007957861864,0.9505890936945108,54.0,widespread_basin,True,censored_lower_bound,False,False,evaluated,2025-04-07T22:00:00+00:00,4.162204325299619,0.27836090481406695,4.140360156373874,0.2760645118696162,2.0,0.021844168925745144,0.005248221187260593,,,0.41622043252996194,False,42.489651110253206,42.26665602305706,,False,,False,True,unresolved_peak_lower_bound
4,2025-04-08T00:00:00+00:00,2025-04-08T18:00:00+00:00,18.0,2025-04-22T00:00:00+00:00,next_rain_event,True,0.866,3.37,0.0,0.0104857139051004,0.4895702272104765,2025-04-08T05:00:00+00:00,5.0,2025-04-19T23:00:00+00:00,2.9030338360292856,0.3479421548488727,17.6117883684884,,,3,3,1.0,6.034168876352764,13.722399353981018,52.38095238095239,7.142857142857142,0.0,0.0,0.0,3.1440499633550645,4.070299953222275,0.0,0.0,0.0,0.0,0.0,5.180574824412664,7.362299621105194,41.66666666666667,0.0,0.0,0.0,0.0,7.991384764015675,13.722399353981018,85.0,15.0,0.0,0.0,0.0,3.5333499684929848,4.070299953222275,0.0,0.0,0.0,0.0,0.0,2.257300019264221,2.257300019264221,0.0,0.0,0.0,0.0,0.0,3.009959948062897,4.070299953222275,0.0,0.0,0.0,0.0,0.0,6.034168876352764,0.5210410957632038,0.8585399133780891,18.0,upper_lake_chain_concentrated,True,censored_lower_bound,False,False,evaluated,2025-04-19T23:00:00+00:00,2.9030338360292856,0.3479421548488727,2.680444321280542,0.33573794339306384,49.0,0.22258951474874333,0.07667479172519637,0.08296778345832845,0.08134791978668421,0.29030338360292857,False,17.6117883684884,16.261408163426317,,False,,False,True,unresolved_peak_lower_bound
5,2025-04-22T00:00:00+00:00,2025-04-22T12:00:00+00:00,12.0,2025-04-27T06:00:00+00:00,next_rain_event,True,0.8915,3.145,0.1553946381401534,0.2604422545603782,0.3572678532509594,2025-04-22T11:00:00+00:00,11.0,2025-04-25T18:00:00+00:00,0.553890803886607,0.061964817917452,2.442784489164578,,,2,2,1.0,2.502507053681516,6.070149898529053,4.761904761904762,0.0,0.0,0.0,0.0,1.4149199567735196,1.5878499746322632,0.0,0.0,0.0,0.0,0.0,3.9079998371889815,6.070149898529053,16.666666666666664,0.0,0.0,0.0,0.0,2.2030049320310354,4.044049941003323,0.0,0.0,0.0,0.0,0.0,1.5081249326467514,1.5878499746322632,0.0,0.0,0.0,0.0,0.0,0.9669999703764915,0.9669999703764915,0.0,0.0,0.0,0.0,0.0,1.4299399733543396,1.5878499746322632,0.0,0.0,0.0,0.0,0.0,2.502507053681516,0.5654009864595533,1.5616338948734634,12.0,upper_lake_chain_concentrated,True,censored_lower_bound,False,False,evaluated,2025-04-25T18:00:00+00:00,0.553890803886607,0.06196481791745201,0.21851823325634556,0.013444941411087763,36.0,0.3353725706302615,0.6054849950152255,-0.20153494453582255,-0.22248922654518966,0.1,True,2.442784489164578,0.9637151349194933,,False,,True,False,resolved_peak
6,2025-04-27T06:00:00+00:00,2025-04-27T12:00:00+00:00,6.0,2025-05-04T00:00:00+00:00,next_rain_event,True,0.779,2.11,0.1868976149541725,0.1868976149541725,2.9559981125445725,2025-04-27T11:00:00+00:00,5.0,2025-04-29T20:00:00+00:00,0.7530152772118863,0.1009427130204708,3.7933832796943694,,,1,1,1.0,1.5526047262052696,4.1579999923706055,0.0,0.0,0.0,0.0,0.0,3.338134932518005,4.1579999923706055,0.0,0.0,0.0,0.0,0.0,0.3330791586389144,0.9374499917030334,0.0,0.0,0.0,0.0,0.0,1.3915549635887146,2.850549936294556,0.0,0.0,0.0,0.0,0.0,2.8869999647140503,3.0040500164031982,0.0,0.0,0.0,0.0,0.0,3.5562498569488525,3.5562498569488525,0.0,0.0,0.0,0.0,0.0,3.655419921875,4.1579999923706055,0.0,0.0,0.0,0.0,0.0,1.5526047262052696,2.150022395382474,0.214529270082151,6.0,lower_basin_concentrated,True,censored_lower_bound,False,False,evaluated,2025-04-29T20:00:00+00:00,0.7530152772118863,0.10094271302047086,0.6906313033172311,0.08533722262085075,100.0,0.06238397389465522,0.08284556207895019,0.011712659367027367,0.05387834319952867,0.1,False,3.7933832796943694,3.479118309707198,,False,,False,True,unresolved_peak_lower_bound
7,2025-05-04T00:00:00+00:00,2025-05-04T12:00:00+00:00,12.0,2025-05-11T06:00:00+00:00,next_rain_event,True,0.715,1.5,2.26190466145497e-05,0.0063476187698099,1.851665433356261,2025-05-04T12:00:00+00:00,12.0,2025-05-09T02:00:00+00:00,0.5535557095295635,0.0711654502276785,3.524896455131648,,,2,2,1.0,2.894424916910274,6.963749885559082,2.380952380952381,0.0,0.0,0.0,0.0,1.6190449707210064,1.9006499350070956,0.0,0.0,0.0,0.0,0.0,3.406129082043966,6.963749885559082,8.333333333333332,0.0,0.0,0.0,0.0,3.225092390924692,4.725449919700623,0.0,0.0,0.0,0.0,0.0,1.7540374640375376,1.9006499350070956,0.0,0.0,0.0,0.0,0.0,1.4409999027848244,1.4409999027848244,0.0,0.0,0.0,0.0,0.0,1.546659989655018,1.8177000060677528,0.0,0.0,0.0,0.0,0.0,2.894424916910274,0.559366719537951,1.1767895799072663,12.0,upper_lake_chain_concentrated,True,censored_lower_bound,False,False,evaluated,2025-05-09T02:00:00+00:00,0.5535557095295635,0.0711654502276785,0.46866374489732365,0.038228862369524275,52.0,0.0848919646322398,0.15335758112654066,-0.021022089225599505,-0.04565343679039913,0.1,False,3.524896455131648,2.984326861051141,,False,,False,True,unresolved_peak_lower_bound
8,2025-05-11T06:00:00+00:00,2025-05-13T00:00:00+00:00,42.0,2025-05-15T00:00:00+00:00,next_rain_event,True,0.6,0.75,0.1653297571021886,1.5804690125265293,3.756993941799183,2025-05-11T14:00:00+00:00,8.0,2025-05-14T21:00:00+00:00,0.5277197576970639,0.0846259850281349,3.7809689353891662,,,7,7,1.0,6.740867909095305,14.639824798330665,78.57142857142857,11.904761904761903,0.0,0.0,0.0,4.584222608548589,5.484525207488332,40.0,0.0,0.0,0.0,0.0,9.711179138942194,14.639824798330665,100.0,41.66666666666667,0.0,0.0,0.0,6.03700382146053,7.206000190228224,85.0,0.0,0.0,0.0,0.0,5.204187556912075,5.484525207488332,75.0,0.0,0.0,0.0,0.0,4.187675146153197,4.187675146153197,0.0,0.0,0.0,0.0,0.0,4.167560142336879,5.484525207488332,20.0,0.0,0.0,0.0,0.0,6.740867909095305,0.6800641505470234,1.4406422540692592,42.0,upper_lake_chain_concentrated,True,censored_lower_bound,False,False,evaluated,2025-05-14T21:00:00+00:00,0.5277197576970639,0.0846259850281349,0.505634973049498,0.07805332738640414,3.0,0.022084784647565914,0.041849455748904564,,,0.1,False,3.7809689353891662,3.6227374432396147,,False,,False,True,unresolved_peak_lower_bound
9,2025-05-15T00:00:00+00:00,2025-05-15T12:00:00+00:00,12.0,2025-05-20T18:00:00+00:00,next_rain_event,True,0.603,0.69,0.1177273774062215,6.330735789959794,8.645397641145834,2025-05-16T10:00:00+00:00,34.0,2025-05-20T18:00:00+00:00,0.5436586194863224,0.0646395301518907,4.338585424029199,,,2,2,1.0,6.48646292799995,21.58359909057617,35.714285714285715,16.666666666666664,2.380952380952381,0.0,0.0,3.611849921941757,4.453699886798859,0.0,0.0,0.0,0.0,0.0,12.274333029985428,21.58359909057617,100.0,58.333333333333336,8.333333333333332,0.0,0.0,4.451047369837761,6.666199564933777,15.0,0.0,0.0,0.0,0.0,3.882199928164482,4.453699886798859,0.0,0.0,0.0,0.0,0.0,2.5595999360084534,2.5595999360084534,0.0,0.0,0.0,0.0,0.0,3.606019914150238,4.453699886798859,0.0,0.0,0.0,0.0,0.0,6.48646292799995,0.5568288853314147,1.892299881496451,12.0,upper_lake_chain_concentrated,False,antecedent_rain_overlap,False,False,evaluated,2025-05-20T18:00:00+00:00,0.5436586194863224,0.06463953015189072,0.5436586194863224,0.06463953015189072,0.0,0.0,0.0,,,0.1,False,4.338585424029199,4.338585424029199,,False,,False,False,antecedent_rain_overlap
10,2025-05-20T18:00:00+00:00,2025-05-22T06:00:00+00:00,36.0,2025-05-26T18:00:00+00:00,next_rain_event,True,0.554,0.415,0.1469357116840823,1.1224130698316173,7.804118854168336,2025-05-20T22:00:00+00:00,4.0,2025-05-26T18:00:00+00:00,0.8860435012582206,0.1691531076160707,7.718078543653793,,,6,6,1.0,12.394446093943856,24.18279960751533,85.71428571428571,61.90476190476191,4.761904761904762,0.0,0.0,11.734059730172158,16.329799383878708,90.0,60.0,0.0,0.0,0.0,18.28450778623422,24.18279960751533,100.0,100.0,16.666666666666664,0.0,0.0,9.190602260455488,14.922549590468408,75.0,40.0,0.0,0.0,0.0,15.061037048697472,16.329799383878708,100.0,100.0,0.0,0.0,0.0,4.762149930000305,4.762149930000305,0.0,0.0,0.0,0.0,0.0,10.466859835386275,14.734749734401705,100.0,40.0,0.0,0.0,0.0,12.394446093943856,0.9467191709281484,1.4752178231803637,36.0,upper_lake_chain_concentrated,True,censored_lower_bound,False,False,evaluated,2025-05-26T18:00:00+00:00,0.8860435012582206,0.16915310761607077,0.8860435012582206,0.16915310761607077,0.0,0.0,0.0,,,0.1,False,7.718078543653793,7.718078543653793,,False,,False,True,unresolved_peak_lower_bound
11,2025-05-26T18:00:00+00:00,2025-05-27T06:00:00+00:00,12.0,2025-05-30T00:00:00+00:00,next_rain_event,True,0.609,0.514,0.0004976190310636,0.040413688691582,12.807260965437134,2025-05-26T23:00:00+00:00,5.0,2025-05-27T00:00:00+00:00,1.2690910863895244,0.2561692972055406,8.382007973723763,,,2,2,1.0,4.51417311190051,7.1430747509002686,45.23809523809524,0.0,0.0,0.0,0.0,5.816522366553545,7.1430747509002686,70.0,0.0,0.0,0.0,0.0,2.466581210416431,3.825224798172712,0.0,0.0,0.0,0.0,0.0,5.09155362546444,7.1067997217178345,60.0,0.0,0.0,0.0,0.0,4.903693655505776,5.814099699258804,25.0,0.0,0.0,0.0,0.0,7.1430747509002686,7.1430747509002686,100.0,0.0,0.0,0.0,0.0,6.281474858522415,7.113924741744995,100.0,0.0,0.0,0.0,0.0,4.51417311190051,1.2885022843319214,0.5464082012969097,12.0,tributary_localized_carrot_creek,True,censored_lower_bound,False,False,evaluated,2025-05-27T00:00:00+00:00,1.2690910863895244,0.2561692972055406,0.5364872162038566,0.09871529215044705,72.0,0.7326038701856677,0.5772665792412699,0.059460169020059184,0.10828373551740722,0.12690910863895244,True,8.382007973723763,3.543354903559197,,False,,True,False,resolved_peak
12,2025-05-30T00:00:00+00:00,2025-05-30T06:00:00+00:00,6.0,2025-06-12T18:00:00+00:00,next_rain_event,True,0.642,0.586,0.0509488075123434,4.141496332064326,4.687632033311058,2025-05-30T05:00:00+00:00,5.0,2025-06-12T18:00:00+00:00,1.3363900612304886,0.2325813331446184,15.501926076880023,,,1,1,1.0,2.8220760964211964,3.898599863052368,0.0,0.0,0.0,0.0,0.0,2.173039901256561,2.982149839401245,0.0,0.0,0.0,0.0,0.0,3.5804832379023237,3.898599863052368,0.0,0.0,0.0,0.0,0.0,2.691549909114838,3.857599973678589,0.0,0.0,0.0,0.0,0.0,2.5830248594284058,2.982149839401245,0.0,0.0,0.0,0.0,0.0,2.355599880218506,2.355599880218506,0.0,0.0,0.0,0.0,0.0,1.8085399389266967,2.0007998943328857,0.0,0.0,0.0,0.0,0.0,2.8220760964211964,0.7700146371007828,1.2687408544521168,6.0,upper_lake_chain_concentrated,False,antecedent_rain_overlap,False,False,evaluated,2025-06-12T18:00:00+00:00,1.3363900612304886,0.23258133314461843,1.3363900612304886,0.23258133314461843,0.0,0.0,0.0,,,0.13363900612304888,False,15.501926076880025,15.501926076880025,,False,,False,False,antecedent_rain_overlap
13,2025-06-12T18:00:00+00:00,2025-06-15T00:00:00+00:00,54.0,2025-06-19T00:00:00+00:00,next_rain_event,True,0.611,0.302,0.2425380885196361,0.2601142785348374,0.4087833235181667,2025-06-13T10:00:00+00:00,16.0,2025-06-14T18:00:00+00:00,2.3489617118648605,0.4593767659278958,17.79705676360003,,,9,9,1.0,24.93181846752053,33.311849147081375,100.0,100.0,80.95238095238095,16.666666666666664,0.0,26.34938941299915,28.589299619197845,100.0,100.0,100.0,0.0,0.0,19.00973703339696,27.30939906835556,100.0,100.0,33.33333333333333,0.0,0.0,27.77628185525537,33.311849147081375,100.0,100.0,100.0,35.0,0.0,24.50006206333637,28.189749598503116,100.0,100.0,100.0,0.0,0.0,28.317299127578732,28.317299127578732,100.0,100.0,100.0,0.0,0.0,27.43526934981346,28.589299619197845,100.0,100.0,100.0,0.0,0.0,24.93181846752053,1.0568579041807693,0.7624689333496288,54.0,widespread_basin,True,censored_lower_bound,False,False,evaluated,2025-06-14T18:00:00+00:00,2.3489617118648605,0.4593767659278958,1.0638724829713717,0.23378123259960565,102.0,1.2850892288934888,0.5470881974799179,-0.010365296257218048,0.006569536920646435,0.23489617118648606,True,17.79705676360003,8.060497058354308,,False,,True,False,resolved_peak
14,2025-06-19T00:00:00+00:00,2025-06-19T18:00:00+00:00,18.0,2025-06-20T18:00:00+00:00,next_rain_event,True,0.721,0.577,0.2447297538913385,1.910376139582478,27.847592199056333,2025-06-19T15:00:00+00:00,15.0,2025-06-19T17:00:00+00:00,1.8267639695298503,0.3337774604494221,12.091741732728876,,,3,3,1.0,24.90016721047106,37.1627984046936,100.0,97.61904761904762,73.80952380952381,19.047619047619047,0.0,26.87749927341938,33.46254849433899,100.0,100.0,80.0,40.0,0.0,29.787303229173023,37.1627984046936,100.0,100.0,100.0,33.33333333333333,0.0,20.97921956777573,29.45324993133545,100.0,95.0,55.00000000000001,0.0,0.0,31.587374478578568,33.362399101257324,100.0,100.0,100.0,75.0,0.0,12.061999648809431,12.061999648809431,100.0,100.0,0.0,0.0,0.0,26.07269903421402,33.46254849433899,100.0,100.0,80.0,20.0,0.0,24.90016721047106,1.0794103929598036,1.1962692048367778,18.0,widespread_basin,True,censored_lower_bound,False,False,evaluated,2025-06-19T17:00:00+00:00,1.8267639695298503,0.33377746044942214,0.6197837151084817,0.1306778294370513,25.0,1.2069802544213686,0.6607204184851566,-0.04966499240784916,-0.1629353648695666,0.18267639695298504,True,12.091741732728876,4.10248107486582,,False,,True,False,resolved_peak
15,2025-06-20T18:00:00+00:00,2025-06-21T06:00:00+00:00,12.0,2025-06-22T18:00:00+00:00,next_rain_event,True,0.813,0.934,0.1814964211523708,25.327433861650725,47.82585476542175,2025-06-21T03:00:00+00:00,9.0,2025-06-21T03:00:00+00:00,0.8447333383241754,0.1533885688374709,5.015316186578461,,,2,2,1.0,5.363728457973117,8.285599946975708,59.523809523809526,0.0,0.0,0.0,0.0,5.622479891777038,8.285599946975708,50.0,0.0,0.0,0.0,0.0,4.913616508245468,5.601799726486206,50.0,0.0,0.0,0.0,0.0,5.504419910907745,7.858299851417541,70.0,0.0,0.0,0.0,0.0,5.817399799823761,6.4696996212005615,75.0,0.0,0.0,0.0,0.0,8.285599946975708,8.285599946975708,100.0,0.0,0.0,0.0,0.0,4.933919954299927,6.664299964904785,20.0,0.0,0.0,0.0,0.0,5.363728457973117,1.048240964439445,0.9160822638106216,12.0,tributary_localized_carrot_creek,False,antecedent_rain_overlap,False,False,evaluated,2025-06-21T03:00:00+00:00,0.8447333383241754,0.15338856883747098,0.1572835684911449,0.01683434314643395,39.0,0.6874497698330305,0.8138068413362589,-0.017499126214927663,-0.030569249280600785,0.1,True,5.015316186578461,0.9338175624764323,,False,,False,False,antecedent_rain_overlap
16,2025-06-22T18:00:00+00:00,2025-06-23T12:00:00+00:00,18.0,2025-07-06T00:00:00+00:00,next_rain_event,True,0.783,0.763,0.0072345236743177,5.583607020941729,32.98210987932925,2025-06-24T21:00:00+00:00,51.0,2025-07-05T23:00:00+00:00,1.285073635428414,0.2344856089067214,13.882549917094108,,,3,3,1.0,2.183932091719249,3.868999928236008,0.0,0.0,0.0,0.0,0.0,2.230549944331869,2.5730499625206,0.0,0.0,0.0,0.0,0.0,2.283479130516449,3.4388999938964844,0.0,0.0,0.0,0.0,0.0,2.1008949421346186,3.868999928236008,0.0,0.0,0.0,0.0,0.0,2.368487447500229,2.5730499625206,0.0,0.0,0.0,0.0,0.0,1.1148500009439886,1.1148500009439886,0.0,0.0,0.0,0.0,0.0,2.343339930474758,2.559649839997292,0.0,0.0,0.0,0.0,0.0,2.183932091719249,1.021345834327624,1.0455815632613532,18.0,mixed_or_weak,False,antecedent_rain_overlap,False,False,evaluated,2025-07-05T23:00:00+00:00,1.285073635428414,0.23448560890672143,1.2849306166839676,0.23428273361977592,1.0,0.0001430187444464437,0.00011129225633733006,,,0.1285073635428414,False,13.882549917094108,13.881004896790119,,False,,False,False,antecedent_rain_overlap
17,2025-07-06T00:00:00+00:00,2025-07-07T00:00:00+00:00,24.0,2025-07-19T06:00:00+00:00,next_rain_event,True,0.737,0.394,0.0149857138860083,0.7194904609738537,1.9453761591368144,2025-07-06T07:00:00+00:00,7.0,2025-07-19T06:00:00+00:00,1.2030866989427478,0.2050072919417017,14.422890080009353,,,4,4,1.0,13.87344560550437,17.86622428894043,100.0,88.09523809523809,0.0,0.0,0.0,16.03575469851494,17.86622428894043,100.0,100.0,0.0,0.0,0.0,10.780681014060974,14.2736496925354,100.0,58.333333333333336,0.0,0.0,0.0,14.647949813865123,16.957399785518646,100.0,100.0,0.0,0.0,0.0,16.433999583125114,17.86622428894043,100.0,100.0,0.0,0.0,0.0,13.852049946784971,13.852049946784971,100.0,100.0,0.0,0.0,0.0,16.15389974117279,17.86622428894043,100.0,100.0,0.0,0.0,0.0,13.87344560550437,1.1558595574954111,0.7770730733094651,24.0,widespread_basin,True,censored_lower_bound,False,False,evaluated,2025-07-19T06:00:00+00:00,1.2030866989427478,0.20500729194170175,1.2030866989427478,0.20500729194170175,0.0,0.0,0.0,,,0.12030866989427479,False,14.422890080009351,14.422890080009351,,False,,False,True,unresolved_peak_lower_bound
18,2025-07-19T06:00:00+00:00,2025-07-22T00:00:00+00:00,66.0,2025-07-24T18:00:00+00:00,next_rain_event,True,0.67,0.104,0.0147440472196432,0.04523809469122,1.7686523337490916,2025-07-19T18:00:00+00:00,12.0,2025-07-24T18:00:00+00:00,0.6401842666226246,0.1221942713929576,5.998598344109364,,,11,11,1.0,7.30857719364576,11.976149745285513,73.80952380952381,21.428571428571427,0.0,0.0,0.0,8.427654792927205,11.167399648576977,100.0,20.0,0.0,0.0,0.0,8.631758113236478,11.976149745285513,100.0,41.66666666666667,0.0,0.0,0.0,5.955129842250608,11.10464964946732,45.0,10.0,0.0,0.0,0.0,7.141799826640636,7.462649843655527,100.0,0.0,0.0,0.0,0.0,10.99299977440387,10.99299977440387,100.0,100.0,0.0,0.0,0.0,8.943269769661129,11.167399648576977,100.0,20.0,0.0,0.0,0.0,7.30857719364576,1.1531183935847864,1.1810449400111858,66.0,tributary_localized_carrot_creek,True,censored_lower_bound,False,False,evaluated,2025-07-24T18:00:00+00:00,0.6401842666226246,0.12219427139295769,0.6401842666226246,0.12219427139295769,0.0,0.0,0.0,,,0.1,False,5.9985983441093635,5.9985983441093635,,False,,False,True,unresolved_peak_lower_bound
19,2025-07-24T18:00:00+00:00,2025-07-25T12:00:00+00:00,18.0,2025-08-03T06:00:00+00:00,next_rain_event,True,0.678,0.081,0.0500285702402746,0.7186987933819178,7.4740140953869,2025-07-25T10:00:00+00:00,16.0,2025-08-03T06:00:00+00:00,1.0128294893459282,0.190594962598796,11.364203801468731,,,3,3,1.0,3.148299922518033,6.628049798309803,21.428571428571427,0.0,0.0,0.0,0.0,5.290979912178591,6.628049798309803,70.0,0.0,0.0,0.0,0.0,1.7781874670957525,5.492149844765663,8.333333333333332,0.0,0.0,0.0,0.0,2.8990274009411223,5.704899810254574,5.0,0.0,0.0,0.0,0.0,5.415899887681007,6.628049798309803,75.0,0.0,0.0,0.0,0.0,4.551950105000287,4.551950105000287,0.0,0.0,0.0,0.0,0.0,5.338849893212318,5.848899696022272,80.0,0.0,0.0,0.0,0.0,3.148299922518033,1.680583185336049,0.5648087891427909,18.0,lower_basin_concentrated,True,censored_lower_bound,False,False,evaluated,2025-08-03T06:00:00+00:00,1.0128294893459282,0.190594962598796,1.0128294893459282,0.190594962598796,0.0,0.0,0.0,,,0.10128294893459283,False,11.364203801468731,11.364203801468731,,False,,False,True,unresolved_peak_lower_bound
20,2025-08-03T06:00:00+00:00,2025-08-04T12:00:00+00:00,30.0,2025-08-07T00:00:00+00:00,next_rain_event,True,0.676,0.046,0.2191285675591122,0.2226261865940785,0.768833316114198,2025-08-03T17:00:00+00:00,11.0,2025-08-07T00:00:00+00:00,0.4913272048201348,0.1144071817302929,4.348964003787783,,,5,5,1.0,11.493055726154818,18.93999974709004,97.61904761904762,61.90476190476191,0.0,0.0,0.0,9.732334880379494,11.857950178906322,100.0,50.0,0.0,0.0,0.0,11.269728900825916,18.51649921946228,91.66666666666666,58.333333333333336,0.0,0.0,0.0,12.507412244239822,18.93999974709004,100.0,70.0,0.0,0.0,0.0,9.336212378460914,11.857950178906322,100.0,25.0,0.0,0.0,0.0,6.874999977997504,6.874999977997504,100.0,0.0,0.0,0.0,0.0,10.620699862390756,11.857950178906322,100.0,80.0,0.0,0.0,0.0,11.493055726154818,0.8468013304966023,0.9805685423746204,30.0,widespread_basin,True,censored_lower_bound,False,False,evaluated,2025-08-07T00:00:00+00:00,0.49132720482013487,0.11440718173029296,0.49132720482013487,0.10320177774784389,0.0,0.0,0.0,,,0.1,False,4.348964003787783,4.348964003787783,,False,,False,True,unresolved_peak_lower_bound
21,2025-08-07T00:00:00+00:00,2025-08-09T00:00:00+00:00,48.0,2025-08-10T18:00:00+00:00,next_rain_event,True,0.7,0.077,0.0152309520608034,3.314351120733633,11.97679381547884,2025-08-07T11:00:00+00:00,11.0,2025-08-07T11:00:00+00:00,0.818951742635495,0.264584459447138,6.22518031275022,,,8,8,1.0,19.001380908818515,32.27500083297491,100.0,100.0,33.33333333333333,2.380952380952381,0.0,15.03306995134335,17.721175321377814,100.0,100.0,0.0,0.0,0.0,24.282102230160188,32.27500083297491,100.0,100.0,75.0,8.333333333333332,0.0,17.817103594751096,25.332475185394287,100.0,100.0,25.0,0.0,0.0,14.953918742248788,17.721175321377814,100.0,100.0,0.0,0.0,0.0,11.657650019973516,11.657650019973516,100.0,100.0,0.0,0.0,0.0,15.771474904892964,17.721175321377814,100.0,100.0,0.0,0.0,0.0,19.001380908818515,0.7911567071615581,1.2779125026061078,48.0,widespread_basin,False,antecedent_rain_overlap,False,False,evaluated,2025-08-07T11:00:00+00:00,0.818951742635495,0.26458445944713804,0.5529643366597801,0.13051181470408835,79.0,0.2659874059757149,0.32479008484643096,0.04070890545501471,0.06672960681912421,0.1,True,6.22518031275022,4.203303470787745,,False,,False,False,antecedent_rain_overlap
22,2025-08-10T18:00:00+00:00,2025-08-11T06:00:00+00:00,12.0,2025-08-13T00:00:00+00:00,next_rain_event,True,0.75,0.165,0.0,8.551217867177911,30.086341417236586,2025-08-11T01:00:00+00:00,7.0,2025-08-13T00:00:00+00:00,0.3161181987690011,0.0794263092377571,2.5248729219036847,,,2,2,1.0,5.312041909921737,11.077875971794128,40.47619047619048,7.142857142857142,0.0,0.0,0.0,4.056700193881989,6.446750164031982,10.0,0.0,0.0,0.0,0.0,4.285031427939733,5.363500237464905,25.0,0.0,0.0,0.0,0.0,6.555919057130813,11.077875971794128,65.0,15.0,0.0,0.0,0.0,3.9963127076625824,4.316250145435333,0.0,0.0,0.0,0.0,0.0,6.446750164031982,6.446750164031982,100.0,0.0,0.0,0.0,0.0,3.6270001888275143,3.955875158309937,0.0,0.0,0.0,0.0,0.0,5.312041909921737,0.7636800052923071,0.8066637087211657,12.0,middle_mainstem_concentrated,False,antecedent_rain_overlap,False,False,evaluated,2025-08-13T00:00:00+00:00,0.31611819876900116,0.07942630923775718,0.31611819876900116,0.05950424077394656,0.0,0.0,0.0,,,0.1,False,2.5248729219036847,2.5248729219036847,,False,,False,False,antecedent_rain_overlap
23,2025-08-13T00:00:00+00:00,2025-08-14T06:00:00+00:00,30.0,2025-08-15T18:00:00+00:00,next_rain_event,True,0.759,0.185,0.0993595210186737,5.490868096151168,24.58574424492517,2025-08-13T09:00:00+00:00,9.0,2025-08-15T18:00:00+00:00,0.3663440949979358,0.0730702976853231,2.971343069932386,,,5,5,1.0,15.58516874297389,25.0091490149498,100.0,83.33333333333334,19.047619047619047,0.0,0.0,12.16878465525806,16.645449727773666,100.0,80.0,0.0,0.0,0.0,21.974320333451036,25.0091490149498,100.0,100.0,66.66666666666666,0.0,0.0,13.459869832545518,19.86509944498539,100.0,75.0,0.0,0.0,0.0,14.694437183439732,16.645449727773666,100.0,100.0,0.0,0.0,0.0,7.73429985716939,7.73429985716939,100.0,0.0,0.0,0.0,0.0,11.035159592330457,13.757649898529053,100.0,80.0,0.0,0.0,0.0,15.58516874297389,0.7807926148213181,1.4099507484227594,30.0,widespread_basin,False,antecedent_rain_overlap,False,False,evaluated,2025-08-15T18:00:00+00:00,0.36634409499793585,0.07307029768532314,0.36634409499793585,0.06486122804350714,0.0,0.0,0.0,,,0.1,False,2.971343069932386,2.971343069932386,,False,,False,False,antecedent_rain_overlap
24,2025-08-15T18:00:00+00:00,2025-08-17T06:00:00+00:00,36.0,2025-08-18T00:00:00+00:00,next_rain_event,True,0.762,0.191,0.0002958333297144,15.704345526048982,21.506054094587896,2025-08-16T00:00:00+00:00,6.0,2025-08-17T06:00:00+00:00,0.4342246555314841,0.1191245544587112,3.3305221935668987,,,6,6,1.0,2.3964178161085803,3.9463498555123806,0.0,0.0,0.0,0.0,0.0,2.9157449312042445,3.9463498555123806,0.0,0.0,0.0,0.0,0.0,2.2806957990978844,3.0995999404694885,0.0,0.0,0.0,0.0,0.0,2.2061874687671663,3.033575002104044,0.0,0.0,0.0,0.0,0.0,2.6477562038926408,2.8401999918278307,0.0,0.0,0.0,0.0,0.0,3.135649863630533,3.135649863630533,0.0,0.0,0.0,0.0,0.0,3.0861549265682697,3.9463498555123806,0.0,0.0,0.0,0.0,0.0,2.3964178161085803,1.216709753868786,0.9517104170095804,36.0,mixed_or_weak,False,antecedent_rain_overlap,False,False,evaluated,2025-08-17T06:00:00+00:00,0.43422465553148415,0.11912455445871128,0.41952689589227743,0.09890165536214424,18.0,0.01469775963920672,0.033848284412171144,0.002754624036147235,0.016354122309482966,0.1,False,3.3305221935668987,3.2177897311179984,,False,,False,False,antecedent_rain_overlap
25,2025-08-18T00:00:00+00:00,2025-08-18T06:00:00+00:00,6.0,2025-09-01T06:00:00+00:00,analysis_window_limit,True,0.81,0.312,0.6977464059337286,2.4380541242107503,22.129659941304933,2025-08-18T19:00:00+00:00,19.0,2025-09-01T04:00:00+00:00,1.4455841586031852,0.2736363686815807,18.47239196639708,,,1,1,1.0,3.0874570726993538,8.991199493408203,33.33333333333333,0.0,0.0,0.0,0.0,0.8241499811410904,1.747099995613098,0.0,0.0,0.0,0.0,0.0,1.3712333037207525,3.911999940872192,0.0,0.0,0.0,0.0,0.0,5.248844879865646,8.991199493408203,70.0,0.0,0.0,0.0,0.0,0.6475249826908112,1.4781999588012695,0.0,0.0,0.0,0.0,0.0,1.747099995613098,1.747099995613098,0.0,0.0,0.0,0.0,0.0,0.7808599770069122,1.4781999588012695,0.0,0.0,0.0,0.0,0.0,3.0874570726993538,0.2669348793311444,0.444130321955177,6.0,upper_lake_chain_concentrated,False,antecedent_rain_overlap,False,False,evaluated,2025-09-01T04:00:00+00:00,1.4455841586031852,0.2736363686815807,1.4450996659057045,0.26845163305341724,2.0,0.00048449269748074286,0.0003351535741432656,,,0.14455841586031853,False,18.47239196639708,18.466200878206568,,False,,False,False,antecedent_rain_overlap
26,2025-10-11T12:00:00+00:00,2025-10-12T00:00:00+00:00,12.0,2025-10-25T12:00:00+00:00,next_rain_event,True,0.7015,0.0805,0.0043690478972469,0.0390369040514562,0.1505434486399665,2025-10-11T16:00:00+00:00,4.0,2025-10-25T12:00:00+00:00,1.3979095791168548,0.2686382241902921,19.054360381158823,,,2,2,1.0,5.24702604327883,9.857099771499634,40.47619047619048,0.0,0.0,0.0,0.0,3.550329917669296,4.119899868965149,0.0,0.0,0.0,0.0,0.0,6.160916512211164,8.733799695968628,66.66666666666666,0.0,0.0,0.0,0.0,5.547039824724197,9.857099771499634,45.0,0.0,0.0,0.0,0.0,3.821849912405014,4.119899868965149,0.0,0.0,0.0,0.0,0.0,2.94489985704422,2.94489985704422,0.0,0.0,0.0,0.0,0.0,3.454199934005737,4.119899868965149,0.0,0.0,0.0,0.0,0.0,5.24702604327883,0.6766366106028929,1.1741730384782405,12.0,upper_lake_chain_concentrated,True,censored_lower_bound,False,False,evaluated,2025-10-25T12:00:00+00:00,1.3979095791168548,0.2686382241902921,1.3979095791168548,0.2686382241902921,0.0,0.0,0.0,,,0.13979095791168547,False,19.054360381158823,19.054360381158823,,False,,False,True,unresolved_peak_lower_bound
27,2025-10-25T12:00:00+00:00,2025-10-26T18:00:00+00:00,30.0,2025-11-02T00:00:00+00:00,next_rain_event,True,0.691,0.066,0.2343845183467713,0.2386428515185666,0.4465690367131687,2025-10-25T16:00:00+00:00,4.0,2025-11-01T08:00:00+00:00,0.7969035380065639,0.1564842177600752,8.006936131086894,,,5,5,1.0,8.34510212642185,17.208099603652954,80.95238095238095,30.952380952380956,0.0,0.0,0.0,9.36925956606865,14.124799489974976,100.0,40.0,0.0,0.0,0.0,4.240666543521608,5.963299751281738,33.33333333333333,0.0,0.0,0.0,0.0,10.295684756338597,17.208099603652954,100.0,45.0,0.0,0.0,0.0,6.923674672842026,9.02079975605011,100.0,0.0,0.0,0.0,0.0,14.124799489974976,14.124799489974976,100.0,100.0,0.0,0.0,0.0,10.374619495868682,13.487799406051636,100.0,60.0,0.0,0.0,0.0,8.34510212642185,1.1227255729326742,0.5081623303440493,30.0,tributary_localized_carrot_creek,True,censored_lower_bound,False,False,evaluated,2025-11-01T08:00:00+00:00,0.7969035380065639,0.15648421776007526,0.7969035380065639,0.14656632437798356,16.0,0.0,0.0,,,0.1,False,8.006936131086894,8.006936131086894,,False,,False,True,unresolved_peak_lower_bound
47,2026-02-26T18:00:00+00:00,2026-02-27T00:00:00+00:00,6.0,2026-03-02T12:00:00+00:00,next_rain_event,True,0.744,0.121,0.0199952375329476,1.707094011605174,4.686664169744334,2026-03-01T09:00:00+00:00,63.0,2026-03-02T12:00:00+00:00,16.117004835085798,2.6948767043276733,,,,1,1,1.0,1.6556451945077806,2.550099849700928,0.0,0.0,0.0,0.0,0.0,1.1192299723625183,1.614549994468689,0.0,0.0,0.0,0.0,0.0,1.8016541202863057,2.113349914550781,0.0,0.0,0.0,0.0,0.0,1.8362474501132968,2.550099849700928,0.0,0.0,0.0,0.0,0.0,1.0285374820232391,1.180649995803833,0.0,0.0,0.0,0.0,0.0,1.614549994468689,1.614549994468689,0.0,0.0,0.0,0.0,0.0,1.0927199602127076,1.247399926185608,0.0,0.0,0.0,0.0,0.0,1.6556451945077806,0.6760083477277042,1.0881885359634274,6.0,upper_lake_chain_concentrated,True,censored_lower_bound,False,False,evaluated,2026-03-02T12:00:00+00:00,16.117004835085798,2.6948767043276733,16.117004835085798,2.6948767043276733,0.0,0.0,0.0,,,1.6117004835085798,False,,,,False,,False,False,implausible_or_unsupported_peak_days_lost
48,2026-03-02T12:00:00+00:00,2026-03-04T18:00:00+00:00,54.0,2026-03-12T12:00:00+00:00,next_rain_event,True,0.75,0.121,0.0959988063883169,1.3342630529978556,5.433810574418333,2026-03-03T00:00:00+00:00,12.0,2026-03-12T12:00:00+00:00,1.2139872914719114,0.321516515581693,13.742108678251611,,,9,9,1.0,5.023770703313251,8.511524876579642,54.761904761904766,0.0,0.0,0.0,0.0,3.472804882843048,6.145924802869558,10.0,0.0,0.0,0.0,0.0,4.048051967828845,6.3782497979700565,33.33333333333333,0.0,0.0,0.0,0.0,6.384684854838997,8.511524876579642,90.0,0.0,0.0,0.0,0.0,2.3860561756882817,3.840924844145775,0.0,0.0,0.0,0.0,0.0,6.145924802869558,6.145924802869558,100.0,0.0,0.0,0.0,0.0,3.807579864561558,4.637774907052517,0.0,0.0,0.0,0.0,0.0,5.023770703313251,0.6912745600735084,0.8057796039853281,54.0,middle_mainstem_concentrated,True,censored_lower_bound,False,False,evaluated,2026-03-12T12:00:00+00:00,1.2139872914719114,0.32151651558169303,1.2139872914719114,0.22000208186399672,0.0,0.0,0.0,,,0.12139872914719115,False,13.742108678251613,13.742108678251613,,False,,False,True,unresolved_peak_lower_bound
49,2026-03-12T12:00:00+00:00,2026-03-13T00:00:00+00:00,12.0,2026-03-17T00:00:00+00:00,next_rain_event,True,0.758,0.229,0.1834797582747082,0.4088190401144813,0.5658690361999019,2026-03-13T04:00:00+00:00,16.0,2026-03-17T00:00:00+00:00,0.622112273332966,0.0998569998083204,5.36871511320956,,,2,2,1.0,3.0658713564986275,5.677199840545654,2.380952380952381,0.0,0.0,0.0,0.0,3.0270649194717407,4.04449987411499,0.0,0.0,0.0,0.0,0.0,3.914212410648664,5.677199840545654,8.333333333333332,0.0,0.0,0.0,0.0,2.5762699425220488,3.3416998982429504,0.0,0.0,0.0,0.0,0.0,3.523599922657013,4.04449987411499,0.0,0.0,0.0,0.0,0.0,2.3612998723983765,2.3612998723983765,0.0,0.0,0.0,0.0,0.0,2.762989926338196,3.2443997859954834,0.0,0.0,0.0,0.0,0.0,3.0658713564986275,0.9873424444425464,1.276704713115844,12.0,mixed_or_weak,True,censored_lower_bound,False,False,evaluated,2026-03-17T00:00:00+00:00,0.622112273332966,0.09985699980832041,0.622112273332966,0.09985699980832041,0.0,0.0,0.0,,,0.1,False,5.36871511320956,5.36871511320956,,False,,False,True,unresolved_peak_lower_bound
50,2026-03-17T00:00:00+00:00,2026-03-17T06:00:00+00:00,6.0,2026-03-19T06:00:00+00:00,next_rain_event,True,0.758,0.275,0.1376642819627054,0.7197809375107419,4.262052285049798,2026-03-17T05:00:00+00:00,5.0,2026-03-19T06:00:00+00:00,0.8058088404444005,0.287712230537426,6.221965826805231,,,1,1,1.0,1.5760594783794313,2.401399850845337,0.0,0.0,0.0,0.0,0.0,1.7499699473381043,2.229699850082397,0.0,0.0,0.0,0.0,0.0,1.0005666340390842,1.5124999284744265,0.0,0.0,0.0,0.0,0.0,1.834399950504303,2.401399850845337,0.0,0.0,0.0,0.0,0.0,1.5339750051498413,1.7242000102996826,0.0,0.0,0.0,0.0,0.0,2.229699850082397,2.229699850082397,0.0,0.0,0.0,0.0,0.0,1.826819920539856,2.031299829483032,0.0,0.0,0.0,0.0,0.0,1.5760594783794313,1.1103451178996715,0.6348533464409019,6.0,tributary_localized_carrot_creek,True,censored_lower_bound,False,False,evaluated,2026-03-19T06:00:00+00:00,0.8058088404444005,0.287712230537426,0.8058088404444005,0.2292691838327452,0.0,0.0,0.0,,,0.1,False,6.221965826805231,6.221965826805231,,False,,False,True,unresolved_peak_lower_bound
51,2026-03-19T06:00:00+00:00,2026-03-21T18:00:00+00:00,60.0,2026-03-24T18:00:00+00:00,next_rain_event,True,0.9365,0.7745,0.0784499974577641,1.8207642331558629,5.717691525927787,2026-03-19T13:00:00+00:00,7.0,2026-03-24T18:00:00+00:00,1.3605067240596294,0.2387552473466836,10.50219761074033,,,10,10,1.0,18.080863853168143,22.143249291926622,100.0,100.0,19.047619047619047,0.0,0.0,14.775354728428647,17.395899273455143,100.0,100.0,0.0,0.0,0.0,19.613286866738537,22.143249291926622,100.0,100.0,50.0,0.0,0.0,18.81416460739565,20.690899282693863,100.0,100.0,10.0,0.0,0.0,13.475874803349145,15.90544970461633,100.0,100.0,0.0,0.0,0.0,17.395899273455143,17.395899273455143,100.0,100.0,0.0,0.0,0.0,15.29082975948695,16.119049889966846,100.0,100.0,0.0,0.0,0.0,18.080863853168143,0.8171819028347862,1.0847538605464295,60.0,widespread_basin,True,censored_lower_bound,False,False,evaluated,2026-03-24T18:00:00+00:00,1.3605067240596294,0.23875524734668363,1.3605067240596294,0.23875524734668363,0.0,0.0,0.0,,,0.13605067240596294,False,10.50219761074033,10.50219761074033,,False,,False,True,unresolved_peak_lower_bound
52,2026-03-24T18:00:00+00:00,2026-03-26T12:00:00+00:00,42.0,2026-04-02T00:00:00+00:00,next_rain_event,True,1.04,1.33,0.4131702265405605,0.7251535522823576,18.90594597380342,2026-03-25T01:00:00+00:00,7.0,2026-04-02T00:00:00+00:00,2.9177759449604945,0.3313434995322886,22.134327192839937,,,7,7,1.0,8.192537881578097,8.628749850206077,100.0,0.0,0.0,0.0,0.0,8.047824789956213,8.436649773269892,100.0,0.0,0.0,0.0,0.0,8.217712263925932,8.628749850206077,100.0,0.0,0.0,0.0,0.0,8.249789797980338,8.446649640798569,100.0,0.0,0.0,0.0,0.0,7.763087268918753,8.268799632787704,100.0,0.0,0.0,0.0,0.0,8.259849850088358,8.259849850088358,100.0,0.0,0.0,0.0,0.0,8.23320979475975,8.436649773269892,100.0,0.0,0.0,0.0,0.0,8.192537881578097,0.9823359874908496,1.0030728429592548,42.0,widespread_basin,True,censored_lower_bound,False,False,evaluated,2026-04-02T00:00:00+00:00,2.9177759449604945,0.3313434995322886,2.9177759449604945,0.3313434995322886,0.0,0.0,0.0,,,0.29177759449604945,False,22.134327192839937,22.134327192839937,,False,,False,True,unresolved_peak_lower_bound
53,2026-04-02T00:00:00+00:00,2026-04-03T06:00:00+00:00,30.0,2026-04-07T00:00:00+00:00,next_rain_event,True,1.1605,2.94,0.0108523808206276,0.8444767664650928,2.347992795525767,2026-04-02T19:00:00+00:00,19.0,2026-04-07T00:00:00+00:00,1.3202221550585875,0.1220667804744388,6.356582645480886,,,5,5,1.0,3.42859397012563,5.230899810791016,2.380952380952381,0.0,0.0,0.0,0.0,2.631374955549836,3.3616998344659805,0.0,0.0,0.0,0.0,0.0,4.559545708199342,5.230899810791016,8.333333333333332,0.0,0.0,0.0,0.0,3.1486324345692998,4.508999928832054,0.0,0.0,0.0,0.0,0.0,3.016487445682287,3.3616998344659805,0.0,0.0,0.0,0.0,0.0,2.2468999475240707,2.2468999475240707,0.0,0.0,0.0,0.0,0.0,2.4001799650490283,2.736049979925156,0.0,0.0,0.0,0.0,0.0,3.42859397012563,0.7674793161505262,1.3298587549088736,30.0,upper_lake_chain_concentrated,True,censored_lower_bound,False,False,evaluated,2026-04-07T00:00:00+00:00,1.3202221550585875,0.12206678047443886,1.3202221550585875,0.12206678047443886,0.0,0.0,0.0,,,0.13202221550585877,False,6.356582645480886,6.356582645480886,,False,,False,True,unresolved_peak_lower_bound
54,2026-04-07T00:00:00+00:00,2026-04-08T06:00:00+00:00,30.0,2026-04-14T00:00:00+00:00,next_rain_event,True,1.143,3.1,0.1368761872650966,0.1769571384536987,3.912042765510878,2026-04-07T10:00:00+00:00,10.0,2026-04-14T00:00:00+00:00,4.54028575897956,0.4047928637048111,23.211674285402328,,,5,5,1.0,5.771721273380709,7.821049809455872,80.95238095238095,0.0,0.0,0.0,0.0,4.988594850152731,6.331449925899506,50.0,0.0,0.0,0.0,0.0,5.513354006330094,7.494949868589174,75.0,0.0,0.0,0.0,0.0,6.318304845225066,7.821049809455872,100.0,0.0,0.0,0.0,0.0,5.057112312875688,5.449299804866314,75.0,0.0,0.0,0.0,0.0,6.331449925899506,6.331449925899506,100.0,0.0,0.0,0.0,0.0,4.665209864825011,5.39879984408617,20.0,0.0,0.0,0.0,0.0,5.771721273380709,0.8643166594270981,0.955235664576838,30.0,mixed_or_weak,True,censored_lower_bound,False,False,evaluated,2026-04-14T00:00:00+00:00,4.54028575897956,0.40479286370481116,4.54028575897956,0.40479286370481116,0.0,0.0,0.0,,,0.45402857589795603,False,23.211674285402328,23.211674285402328,,False,,False,True,unresolved_peak_lower_bound
55,2026-04-14T00:00:00+00:00,2026-04-16T06:00:00+00:00,54.0,2026-04-24T12:00:00+00:00,next_rain_event,True,1.357,6.04,0.0025976189700443,0.0887255927809747,6.284133760389522,2026-04-14T05:00:00+00:00,5.0,2026-04-24T12:00:00+00:00,10.868487821805674,0.7990733601433044,43.68724717151736,,,9,9,1.0,17.906660253970628,21.73894963040948,100.0,100.0,30.952380952380956,0.0,0.0,19.943217075994472,20.948374539613724,100.0,100.0,70.0,0.0,0.0,14.871918365339903,16.667324636131525,100.0,100.0,0.0,0.0,0.0,18.709226976137145,21.73894963040948,100.0,100.0,30.0,0.0,0.0,18.917674783311668,20.113474628597032,100.0,100.0,25.0,0.0,0.0,20.74524936702801,20.74524936702801,100.0,100.0,100.0,0.0,0.0,20.603244451934007,20.948374539613724,100.0,100.0,100.0,0.0,0.0,17.906660253970628,1.113731806665191,0.8305244056910165,54.0,widespread_basin,True,censored_lower_bound,False,False,evaluated,2026-04-24T12:00:00+00:00,10.868487821805674,0.7990733601433044,10.868487821805674,0.7990733601433044,0.0,0.0,0.0,,,1.0868487821805675,False,43.687247171517356,43.687247171517356,,False,,False,True,unresolved_peak_lower_bound
56,2026-04-24T12:00:00+00:00,2026-04-26T18:00:00+00:00,54.0,2026-05-10T18:00:00+00:00,analysis_window_limit,True,1.846,13.6,0.3690118941026626,0.484205938735699,0.5404952224967663,2026-04-24T19:00:00+00:00,7.0,2026-04-29T15:00:00+00:00,1.50361356894199,0.1135439274851026,2.613390069703184,,,9,9,1.0,3.684061809709029,5.394899845123291,7.142857142857142,0.0,0.0,0.0,0.0,3.9843499034643175,5.394899845123291,20.0,0.0,0.0,0.0,0.0,2.76046451414004,3.899049859493971,0.0,0.0,0.0,0.0,0.0,4.088076140172779,5.063999786973,5.0,0.0,0.0,0.0,0.0,3.3850311879068613,3.915324896574021,0.0,0.0,0.0,0.0,0.0,5.394899845123291,5.394899845123291,100.0,0.0,0.0,0.0,0.0,4.181694887578487,5.095924839377403,20.0,0.0,0.0,0.0,0.0,3.684061809709029,1.0815100585348227,0.7492991857153622,54.0,tributary_localized_carrot_creek,True,censored_lower_bound,False,False,evaluated,2026-04-29T15:00:00+00:00,1.50361356894199,0.126117225597991,0.46007062023228684,0.0689039693234994,267.0,1.0435429487097032,0.69402336495539,0.009505384201458078,-1.7149513364955737e-05,0.15036135689419902,True,2.613390069703184,0.7996362995867791,,False,,True,False,resolved_peak
57,2026-05-14T06:00:00+00:00,2026-05-14T12:00:00+00:00,6.0,2026-05-28T12:00:00+00:00,analysis_window_limit,True,1.2280000000000002,4.345,0.1218113120731209,0.1219053596876272,0.177780357886582,2026-05-14T10:00:00+00:00,4.0,2026-05-14T20:00:00+00:00,0.3735961267165253,0.0429129511662955,1.2031815609456642,2026-05-15T10:00:00+00:00,14.0,1,1,1.0,2.46057375343073,6.090199947357178,9.523809523809524,0.0,0.0,0.0,0.0,2.7431599378585814,5.052599906921387,10.0,0.0,0.0,0.0,0.0,4.0896832545598345,6.090199947357178,25.0,0.0,0.0,0.0,0.0,1.341814960539341,3.5037999153137207,0.0,0.0,0.0,0.0,0.0,3.85717499256134,5.052599906921387,25.0,0.0,0.0,0.0,0.0,1.100499987602234,1.100499987602234,0.0,0.0,0.0,0.0,0.0,2.180479884147644,3.5247998237609863,0.0,0.0,0.0,0.0,0.0,2.46057375343073,1.1148456468877823,1.6620852144170315,6.0,upper_lake_chain_concentrated,True,censored_lower_bound,False,False,evaluated,2026-05-14T20:00:00+00:00,0.3735961267165253,0.042912951166295565,0.2862569301382768,0.020743158034526754,328.0,0.08733919657824851,0.23377971647045245,0.013280651536072385,0.02703135687175917,0.1,False,1.2031815609456642,0.9219021167653104,2026-05-15T10:00:00+00:00,True,14.0,False,True,unresolved_peak_lower_bound
58,2026-05-31T12:00:00+00:00,2026-06-03T00:00:00+00:00,60.0,2026-06-04T18:00:00+00:00,next_rain_event,True,0.806,0.882,0.0416738084029583,0.2689618976215742,0.3247535626190554,2026-05-31T16:00:00+00:00,4.0,2026-06-02T03:00:00+00:00,1.463345809629141,0.2559911567509318,9.2921200254672,,,10,10,1.0,61.43210318383007,76.68684680759907,100.0,100.0,100.0,100.0,85.71428571428571,73.13232310116291,76.68684680759907,100.0,100.0,100.0,100.0,100.0,50.710190461948514,61.40714865922928,100.0,100.0,100.0,100.0,50.0,62.01514085829258,71.51314701139927,100.0,100.0,100.0,100.0,100.0,71.80189825035632,73.26799774169922,100.0,100.0,100.0,100.0,100.0,71.68009789288044,71.68009789288044,100.0,100.0,100.0,100.0,100.0,74.48710802346469,76.68684680759907,100.0,100.0,100.0,100.0,100.0,61.43210318383007,1.1904577462100066,0.8254672692908268,60.0,widespread_basin,True,censored_lower_bound,False,False,evaluated,2026-06-02T03:00:00+00:00,1.463345809629141,0.2624425175798748,1.4345071698372978,0.2624425175798748,63.0,0.0288386397918432,0.0197073306952318,0.08537141773085999,0.14112699024479425,0.1463345809629141,False,9.292120025467199,9.108997143265531,,False,,False,True,unresolved_peak_lower_bound
59,2026-06-04T18:00:00+00:00,2026-06-06T00:00:00+00:00,30.0,2026-06-07T12:00:00+00:00,next_rain_event,True,0.971,1.66,0.0007476190166059,32.32524141360079,61.70127281955709,2026-06-05T02:00:00+00:00,8.0,2026-06-05T22:00:00+00:00,0.8706277948096262,0.1357254845528127,4.521169906448734,,,5,5,1.0,7.38663374147256,11.47654977440834,83.33333333333334,23.809523809523807,0.0,0.0,0.0,6.884484827925917,10.540949776768684,100.0,10.0,0.0,0.0,0.0,4.501479136447112,6.920824944972992,41.66666666666667,0.0,0.0,0.0,0.0,9.36880096126115,11.47654977440834,100.0,45.0,0.0,0.0,0.0,5.807387303648284,6.467800013720989,100.0,0.0,0.0,0.0,0.0,10.540949776768684,10.540949776768684,100.0,100.0,0.0,0.0,0.0,7.01486985757947,8.584899973124266,100.0,0.0,0.0,0.0,0.0,7.38663374147256,0.9320192483989956,0.6094087366445925,30.0,tributary_localized_carrot_creek,False,antecedent_rain_overlap,False,False,evaluated,2026-06-05T22:00:00+00:00,0.8706277948096262,0.13572548455281275,0.8255951402579895,0.13041058731026112,38.0,0.04503265455163663,0.051724347442277094,0.08524274678566957,0.05097685690060594,0.1,False,4.521169906448734,4.287315343362012,,False,,False,False,antecedent_rain_overlap
60,2026-06-07T12:00:00+00:00,2026-06-08T18:00:00+00:00,30.0,2026-06-10T06:00:00+00:00,next_rain_event,True,1.031,1.96,0.0275214278870926,7.458905168035665,68.89453275661245,2026-06-07T17:00:00+00:00,5.0,2026-06-08T22:00:00+00:00,0.7163663050012057,0.1138928990636057,3.5344725165620754,,,5,5,1.0,4.165732685058001,11.458350006490946,26.190476190476197,4.761904761904762,0.0,0.0,0.0,3.7128549653338263,5.451199859380722,20.0,0.0,0.0,0.0,0.0,7.3362248982302845,11.458350006490946,75.0,16.666666666666664,0.0,0.0,0.0,2.489876217016717,4.0339498817920685,0.0,0.0,0.0,0.0,0.0,4.846587413921952,5.451199859380722,50.0,0.0,0.0,0.0,0.0,1.3093999922275543,1.3093999922275543,0.0,0.0,0.0,0.0,0.0,3.286560001084581,4.880024999380112,0.0,0.0,0.0,0.0,0.0,4.165732685058001,0.891284978186768,1.761088733452454,30.0,upper_lake_chain_concentrated,False,antecedent_rain_overlap,False,False,evaluated,2026-06-08T22:00:00+00:00,0.7163663050012057,0.11389289906360578,0.6192055223447805,0.09383021729141916,32.0,0.09716078265642514,0.13563002890855064,0.0781358975963411,0.11179457987267138,0.1,False,3.5344725165620754,3.0550919069642837,,False,,False,False,antecedent_rain_overlap
61,2026-06-10T06:00:00+00:00,2026-06-11T00:00:00+00:00,18.0,2026-06-15T18:00:00+00:00,next_rain_event,True,1.052,2.02,0.2984916632108035,4.489062442921012,11.924934873509866,2026-06-10T12:00:00+00:00,6.0,2026-06-15T18:00:00+00:00,0.8884517214314248,0.1283829873941719,5.167231645078161,,,3,3,1.0,4.788256710838704,5.956575408577919,26.190476190476197,0.0,0.0,0.0,0.0,4.469810178875923,5.479800209403038,20.0,0.0,0.0,0.0,0.0,5.100700214505196,5.956575408577919,50.0,0.0,0.0,0.0,0.0,4.760013874620199,5.905150204896927,15.0,0.0,0.0,0.0,0.0,4.188343904912472,4.529950201511383,0.0,0.0,0.0,0.0,0.0,4.440375193953514,4.440375193953514,0.0,0.0,0.0,0.0,0.0,4.700870195031166,5.479800209403038,40.0,0.0,0.0,0.0,0.0,4.788256710838704,0.933494264991694,1.0652520369175789,18.0,mixed_or_weak,False,antecedent_rain_overlap,False,False,evaluated,2026-06-15T18:00:00+00:00,0.8884517214314248,0.12838298739417198,0.8884517214314248,0.12838298739417198,0.0,0.0,0.0,,,0.1,False,5.167231645078161,5.167231645078161,,False,,False,False,antecedent_rain_overlap
62,2026-06-15T18:00:00+00:00,2026-06-19T00:00:00+00:00,78.0,2026-06-20T06:00:00+00:00,next_rain_event,True,1.036,1.84,0.0070678569803324,0.0088333330682611,5.368494795676919,2026-06-16T05:00:00+00:00,11.0,2026-06-17T05:00:00+00:00,0.8774831700526184,0.139103238845725,4.444048523415543,,,13,13,1.0,14.741169122876489,20.528625668375756,100.0,100.0,4.761904761904762,0.0,0.0,15.683062578039245,20.528625668375756,100.0,100.0,10.0,0.0,0.0,14.3272063776094,15.800525122671388,100.0,100.0,0.0,0.0,0.0,14.518600042455365,20.15865013014991,100.0,100.0,5.0,0.0,0.0,13.733050117269158,14.284350197762253,100.0,100.0,0.0,0.0,0.0,19.18035039433744,19.18035039433744,100.0,100.0,0.0,0.0,0.0,16.543614983395674,20.528625668375756,100.0,100.0,20.0,0.0,0.0,14.741169122876489,1.0638954378252845,0.971917916291682,78.0,widespread_basin,True,censored_lower_bound,False,False,evaluated,2026-06-17T05:00:00+00:00,0.8774831700526184,0.13910323884572506,0.5707789012031724,0.07146563362631064,73.0,0.306704268849446,0.34952723803358465,-0.12644264180904596,-0.1424122246184657,0.1,True,4.4440485234155425,2.8907325173388774,,False,,True,False,resolved_peak
63,2026-06-20T06:00:00+00:00,2026-06-23T00:00:00+00:00,66.0,2026-06-27T00:00:00+00:00,next_rain_event,True,0.9895,1.55,0.0627452366669395,5.866213790743911,14.819903644601473,2026-06-20T15:00:00+00:00,9.0,2026-06-27T00:00:00+00:00,10.908965880181947,1.302066185927365,73.83765428571174,,,11,11,1.0,94.70333673450207,112.00994637608528,100.0,100.0,100.0,100.0,100.0,102.07868193089962,111.20129679143427,100.0,100.0,100.0,100.0,100.0,82.73359368679424,99.0572474002838,100.0,100.0,100.0,100.0,100.0,98.19750996492805,112.00994637608528,100.0,100.0,100.0,100.0,100.0,109.23219692893326,111.20129679143427,100.0,100.0,100.0,100.0,100.0,91.6775971353054,91.6775971353054,100.0,100.0,100.0,100.0,100.0,98.43608689159154,105.02529665082692,100.0,100.0,100.0,100.0,100.0,94.70333673450207,1.0778784090477624,0.8736080114973703,66.0,widespread_basin,False,antecedent_rain_overlap,False,False,evaluated,2026-06-27T00:00:00+00:00,10.908965880181947,1.302066185927365,10.908965880181947,1.302066185927365,0.0,0.0,0.0,,,1.0908965880181947,False,73.83765428571174,73.83765428571174,,False,,False,False,antecedent_rain_overlap
64,2026-06-27T00:00:00+00:00,2026-06-29T06:00:00+00:00,54.0,2026-06-30T18:00:00+00:00,next_rain_event,True,2.122,11.3,0.0449345228109797,0.0449345228109797,94.9584926822974,2026-06-27T04:00:00+00:00,4.0,2026-06-30T18:00:00+00:00,17.44375564750942,0.7581315043615493,33.15479570812636,,,9,9,1.0,51.86638716161889,66.84969964623451,100.0,100.0,100.0,100.0,54.761904761904766,47.93852895094896,66.84969964623451,100.0,100.0,100.0,100.0,40.0,49.20367014578854,51.631848618388176,100.0,100.0,100.0,100.0,41.66666666666667,55.42794647645205,66.25074814772233,100.0,100.0,100.0,100.0,70.0,42.29876150160271,44.06254877895117,100.0,100.0,100.0,100.0,0.0,66.84969964623451,66.84969964623451,100.0,100.0,100.0,100.0,100.0,48.668108771368864,57.46169758588076,100.0,100.0,100.0,100.0,60.0,51.86638716161889,0.9242696778082792,0.9486619916761668,54.0,widespread_basin,True,censored_lower_bound,False,False,evaluated,2026-06-30T18:00:00+00:00,17.44375564750942,0.7581315043615493,17.44375564750942,0.7581315043615493,0.0,0.0,0.0,,,1.744375564750942,False,33.15479570812636,33.15479570812636,,False,,False,True,unresolved_peak_lower_bound
65,2026-06-30T18:00:00+00:00,2026-07-02T06:00:00+00:00,36.0,2026-07-05T12:00:00+00:00,next_rain_event,True,2.722,26.6,0.2670190405693746,14.300416377490842,52.190919296098095,2026-06-30T22:00:00+00:00,4.0,2026-07-05T12:00:00+00:00,5.198018489867696,0.5280006541057931,4.98936347989124,,,6,6,1.0,7.149758146015562,14.873999609379098,61.90476190476191,21.428571428571427,0.0,0.0,0.0,6.062344824650791,12.730099958833309,50.0,20.0,0.0,0.0,0.0,10.297766405186849,14.873999609379098,100.0,50.0,0.0,0.0,0.0,5.804659851195174,12.985199963208288,45.0,5.0,0.0,0.0,0.0,3.994612339738524,5.002949893474579,25.0,0.0,0.0,0.0,0.0,10.49144983291626,10.49144983291626,100.0,100.0,0.0,0.0,0.0,6.830709810927511,12.730099958833309,60.0,20.0,0.0,0.0,0.0,7.149758146015562,0.8479090762013023,1.4402957687352849,36.0,upper_lake_chain_concentrated,False,antecedent_rain_overlap,False,False,evaluated,2026-07-05T12:00:00+00:00,5.198018489867696,0.5280006541057931,5.198018489867696,0.5280006541057931,0.0,0.0,0.0,,,0.5198018489867696,False,4.98936347989124,4.98936347989124,,False,,False,False,antecedent_rain_overlap
66,2026-07-05T12:00:00+00:00,2026-07-06T00:00:00+00:00,12.0,2026-07-09T12:00:00+00:00,next_rain_event,True,3.01,26.3,0.105298807313721,0.7717904614608929,18.203197193639685,2026-07-05T20:00:00+00:00,8.0,2026-07-08T18:00:00+00:00,0.9927769492965162,0.0487212461134927,0.9022580767073544,,,2,2,1.0,1.7546856690730368,3.4446998834609985,0.0,0.0,0.0,0.0,0.0,1.4227699726819991,2.635900020599365,0.0,0.0,0.0,0.0,0.0,1.5921582815547783,1.8329999446868896,0.0,0.0,0.0,0.0,0.0,2.0181599497795104,3.4446998834609985,0.0,0.0,0.0,0.0,0.0,1.1358249709010124,1.2845999598503113,0.0,0.0,0.0,0.0,0.0,2.635900020599365,2.635900020599365,0.0,0.0,0.0,0.0,0.0,1.4096999645233157,1.6507999002933502,0.0,0.0,0.0,0.0,0.0,1.7546856690730368,0.8108403674565932,0.9073752123341168,12.0,tributary_localized_carrot_creek,True,censored_lower_bound,False,False,evaluated,2026-07-08T18:00:00+00:00,0.9927769492965162,0.04872124611349271,0.5555235277775985,0.030468427664980702,18.0,0.43725342151891766,0.4404347037154281,-0.13200559052789274,-0.1611006012475542,0.1,True,0.9022580767073545,0.5048723080178988,,False,,True,False,resolved_peak
67,2026-07-09T12:00:00+00:00,2026-07-12T00:00:00+00:00,60.0,2026-07-15T00:00:00+00:00,next_rain_event,False,2.8205,22.2,0.0703404739504634,0.0705440453699943,2.616315413363432,2026-07-11T08:00:00+00:00,44.0,2026-07-11T21:00:00+00:00,1.0108060408215174,0.0530732309343551,1.0282980458908386,2026-07-14T04:00:00+00:00,55.0,10,10,1.0,28.241738672630163,46.47260040836409,100.0,100.0,80.95238095238095,45.23809523809524,0.0,28.576189582870576,46.47260040836409,100.0,100.0,70.0,40.0,0.0,23.52669306622313,31.634398898109797,100.0,100.0,66.66666666666666,16.666666666666664,0.0,30.90354058135417,36.83869899902493,100.0,100.0,95.0,65.0,0.0,22.37176839596941,27.81112449418288,100.0,100.0,50.0,0.0,0.0,35.49764937919099,35.49764937919099,100.0,100.0,100.0,100.0,0.0,32.15543457312742,46.47260040836409,100.0,100.0,80.0,60.0,0.0,28.241738672630163,1.0118424334322071,0.833046907590838,60.0,widespread_basin,True,complete,True,True,evaluated,2026-07-11T21:00:00+00:00,1.0108060408215174,0.05307323093435512,-0.06312592050927535,-0.004355902008579715,75.0,1.0739319613307927,1.0624510716793607,-0.08393392141839229,-0.06552123580568647,0.10108060408215175,True,1.0282980458908386,0.0,2026-07-14T04:00:00+00:00,True,55.0,True,False,resolved_peak
68,2026-07-15T00:00:00+00:00,2026-07-16T06:00:00+00:00,30.0,2026-07-19T00:00:00+00:00,next_rain_event,True,2.532,16.8,0.0295499993122315,0.0533154745783011,28.365552954485224,2026-07-15T10:00:00+00:00,10.0,2026-07-15T09:00:00+00:00,1.6687397145107603,0.1010104855629299,1.9810606578089949,,,5,5,1.0,12.93286269805616,24.131698903162032,92.85714285714286,73.80952380952381,11.904761904761903,0.0,0.0,12.02982451405842,24.131698903162032,70.0,60.0,20.0,0.0,0.0,14.404616210978324,20.609849018394016,100.0,91.66666666666666,8.333333333333332,0.0,0.0,12.50132968230173,22.54205012321472,100.0,70.0,10.0,0.0,0.0,6.127087189874146,12.932799343951046,25.0,25.0,0.0,0.0,0.0,24.11654862528667,24.11654862528667,100.0,100.0,100.0,0.0,0.0,14.334669551160186,24.131698903162032,100.0,80.0,20.0,0.0,0.0,12.93286269805616,0.9301749191125744,1.113799515798105,30.0,widespread_basin,True,censored_lower_bound,False,False,evaluated,2026-07-15T09:00:00+00:00,1.6687397145107603,0.10101048556292991,0.9476675253826112,0.03768894210846874,87.0,0.7210721891281491,0.4321058478191444,-0.11880506141870306,-0.035642237273574295,0.16687397145107605,True,1.9810606578089947,1.1250327626852872,,False,,True,False,resolved_peak
69,2026-07-19T00:00:00+00:00,2026-07-21T18:00:00+00:00,66.0,2026-07-26T00:00:00+00:00,next_rain_event,True,2.3775,14.6,0.0112035708762482,1.7654797199564718,13.169417452894516,2026-07-19T05:00:00+00:00,5.0,2026-07-24T18:00:00+00:00,2.478703509922285,0.1723547575511421,4.175059914357309,,,11,11,1.0,37.0673038563996,56.92779874801636,100.0,100.0,100.0,92.85714285714286,9.523809523809524,49.52362943033222,56.92779874801636,100.0,100.0,100.0,100.0,40.0,32.13897378317779,36.33209924900439,100.0,100.0,100.0,100.0,0.0,33.79613911336637,43.19939963519573,100.0,100.0,100.0,85.0,0.0,48.44639992626617,50.9701501976233,100.0,100.0,100.0,100.0,50.0,46.0672492980957,46.0672492980957,100.0,100.0,100.0,100.0,0.0,51.076689060032365,56.92779874801636,100.0,100.0,100.0,100.0,40.0,37.0673038563996,1.3360461721788288,0.8670437404264852,66.0,widespread_basin,True,censored_lower_bound,False,False,evaluated,2026-07-24T18:00:00+00:00,2.478703509922285,0.17235475755114216,2.2017852188866502,0.12909565557357272,30.0,0.2769182910356349,0.1117190054910267,-0.10849096828724214,-0.21544506373002115,0.24787035099222854,True,4.175059914357309,3.7086263728598596,,False,,True,False,resolved_peak
70,2026-07-26T00:00:00+00:00,2026-07-26T06:00:00+00:00,6.0,2026-07-27T00:00:00+00:00,next_rain_event,True,2.193,12.2,0.0074940474171723,0.0451738084652569,37.11955207001024,2026-07-26T06:00:00+00:00,6.0,2026-07-26T04:00:00+00:00,1.1592925996886088,0.0878950556883815,1.7758514408244277,,,1,1,1.0,15.929556710379464,20.6966495513916,100.0,97.61904761904762,11.904761904761903,0.0,0.0,13.688654613494872,18.23519897460937,100.0,100.0,0.0,0.0,0.0,16.118762175242107,20.6966495513916,100.0,91.66666666666666,25.0,0.0,0.0,16.936484479904173,20.563098907470703,100.0,100.0,10.0,0.0,0.0,11.866074800491331,13.162599563598633,100.0,100.0,0.0,0.0,0.0,15.956899642944336,15.956899642944336,100.0,100.0,0.0,0.0,0.0,14.693069458007812,18.23519897460937,100.0,100.0,0.0,0.0,0.0,15.929556710379464,0.8593242650986984,1.0118776352853158,6.0,widespread_basin,True,censored_lower_bound,False,False,evaluated,2026-07-26T04:00:00+00:00,1.1592925996886088,0.08789505568838152,0.7441041088579095,0.04959486679237868,20.0,0.4151884908306993,0.35813951623793755,0.058426381576278885,0.11857336854956912,0.11592925996886089,False,1.7758514408244277,1.1398488648971228,,False,,False,True,unresolved_peak_lower_bound
71,2026-07-27T00:00:00+00:00,2026-07-28T00:00:00+00:00,24.0,2026-07-29T00:00:00+00:00,next_rain_event,True,2.1985,12.3,15.940961471952807,15.98593170899992,26.557002380918547,2026-07-27T21:00:00+00:00,21.0,2026-07-27T20:00:00+00:00,1.0422134111254897,0.0773596597410315,1.632443950464091,,,4,4,1.0,6.670976014186938,12.187049768865108,73.80952380952381,9.523809523809524,0.0,0.0,0.0,8.776384820789099,12.187049768865108,90.0,40.0,0.0,0.0,0.0,4.617054059480627,6.034949839115143,33.33333333333333,0.0,0.0,0.0,0.0,6.850624783709645,9.290599398314953,90.0,0.0,0.0,0.0,0.0,6.245349887758493,8.724249593913555,75.0,0.0,0.0,0.0,0.0,10.70969945192337,10.70969945192337,100.0,100.0,0.0,0.0,0.0,10.414549840986728,12.187049768865108,100.0,60.0,0.0,0.0,0.0,6.670976014186938,1.315607311752382,0.6921107270752728,24.0,tributary_localized_carrot_creek,False,antecedent_rain_overlap,False,False,evaluated,2026-07-27T20:00:00+00:00,1.0422134111254895,0.07735965974103154,0.6692491102859996,0.04419683441516886,28.0,0.37296430083948984,0.3578578982559095,0.05272299231319799,0.007104647799836883,0.10422134111254895,False,1.632443950464091,1.0482609893304373,,False,,False,False,antecedent_rain_overlap
72,2026-07-29T00:00:00+00:00,2026-07-29T06:00:00+00:00,6.0,2026-08-02T06:00:00+00:00,next_rain_event,True,2.155,11.7,0.0108285711584834,22.62276605729823,22.66865415150616,2026-07-29T04:00:00+00:00,4.0,2026-08-02T06:00:00+00:00,1.271338160449302,0.0805869112125634,2.402119169655716,,,1,1,1.0,5.901128436837878,8.88539981842041,78.57142857142857,0.0,0.0,0.0,0.0,5.699924898147583,6.534599781036377,80.0,0.0,0.0,0.0,0.0,5.00503741701444,8.88539981842041,41.66666666666667,0.0,0.0,0.0,0.0,6.539384818077087,7.44819974899292,100.0,0.0,0.0,0.0,0.0,6.21391236782074,6.534599781036377,100.0,0.0,0.0,0.0,0.0,5.917550086975098,5.917550086975098,100.0,0.0,0.0,0.0,0.0,5.245209884643555,6.534599781036377,60.0,0.0,0.0,0.0,0.0,5.901128436837878,0.9659042264807728,0.8481492091869112,6.0,mixed_or_weak,False,antecedent_rain_overlap,False,False,evaluated,2026-08-02T06:00:00+00:00,1.271338160449302,0.08058691121256345,1.271338160449302,0.08058691121256345,0.0,0.0,0.0,,,0.1271338160449302,False,2.402119169655716,2.402119169655716,,False,,False,False,antecedent_rain_overlap
73,2026-08-02T06:00:00+00:00,2026-08-03T06:00:00+00:00,24.0,2026-08-05T00:00:00+00:00,next_rain_event,True,2.055,10.5,0.249265487721589,0.2532821542394924,12.848825890325578,2026-08-02T14:00:00+00:00,8.0,2026-08-02T20:00:00+00:00,0.8367927605510417,0.0643522748512821,1.4690868928754195,2026-08-04T10:00:00+00:00,38.0,4,4,1.0,12.175021405730927,14.028599739074709,100.0,100.0,0.0,0.0,0.0,12.477040016651154,14.028599739074709,100.0,100.0,0.0,0.0,0.0,12.389824931820234,13.554699897766112,100.0,100.0,0.0,0.0,0.0,11.895129984617231,12.56850004196167,100.0,100.0,0.0,0.0,0.0,11.832950085401537,12.430350184440613,100.0,100.0,0.0,0.0,0.0,13.730100154876707,13.730100154876707,100.0,100.0,0.0,0.0,0.0,12.741699934005736,14.028599739074709,100.0,100.0,0.0,0.0,0.0,12.175021405730927,1.0248064131351804,1.0176429690701154,24.0,widespread_basin,True,censored_lower_bound,False,True,evaluated,2026-08-02T20:00:00+00:00,0.8367927605510417,0.06435227485128214,0.19598106574875374,-0.005374764363501372,52.0,0.640811694802288,0.7657949793689695,-0.06950574265988507,0.02240576047745435,0.1,True,1.4690868928754197,0.3440675260546643,2026-08-04T10:00:00+00:00,True,38.0,True,False,resolved_peak
74,2026-08-05T00:00:00+00:00,2026-08-05T06:00:00+00:00,6.0,2026-08-09T06:00:00+00:00,next_rain_event,True,1.9355,9.18,0.0367535705015706,12.460226178278734,18.367527233918995,2026-08-05T07:00:00+00:00,7.0,2026-08-05T05:00:00+00:00,0.3444298337308051,0.0294392021017391,0.6592814062280744,2026-08-07T09:00:00+00:00,52.0,1,1,1.0,5.545141543660845,8.069049835205078,69.04761904761905,0.0,0.0,0.0,0.0,6.2770898818969725,6.849299907684326,90.0,0.0,0.0,0.0,0.0,3.30073744058609,4.58144998550415,0.0,0.0,0.0,0.0,0.0,6.5258098363876345,8.069049835205078,100.0,0.0,0.0,0.0,0.0,6.052024960517883,6.784450054168701,75.0,0.0,0.0,0.0,0.0,6.849299907684326,6.849299907684326,100.0,0.0,0.0,0.0,0.0,6.342699813842773,6.711949825286865,100.0,0.0,0.0,0.0,0.0,5.545141543660845,1.13199813430784,0.5952485458841826,6.0,mixed_or_weak,False,antecedent_rain_overlap,False,False,evaluated,2026-08-05T05:00:00+00:00,0.34442983373080516,0.029439202101739115,0.17858218925848313,-0.012441772554949937,97.0,0.16584764447232203,0.4815135863112921,0.07537389948112772,0.061946525621584314,0.1,False,0.6592814062280744,0.34182845192684247,2026-08-07T09:00:00+00:00,True,52.0,False,False,antecedent_rain_overlap
75,2026-08-09T06:00:00+00:00,2026-08-09T18:00:00+00:00,12.0,2026-08-10T18:00:00+00:00,next_rain_event,True,1.756,7.31,0.8531904558850719,1.9020499474967696,19.972898601941,,,2026-08-10T17:00:00+00:00,0.1515236739516163,0.0087311415040425,0.3614874747062596,,,2,2,1.0,4.380033224111512,7.293699741363525,33.33333333333333,0.0,0.0,0.0,0.0,3.8386949211359034,4.3592498898506165,0.0,0.0,0.0,0.0,0.0,3.0653499166170755,3.818499803543091,0.0,0.0,0.0,0.0,0.0,5.439512360095978,7.293699741363525,70.0,0.0,0.0,0.0,0.0,3.8370874151587486,4.3592498898506165,0.0,0.0,0.0,0.0,0.0,3.930999875068665,3.930999875068665,0.0,0.0,0.0,0.0,0.0,3.821519935131073,4.177049994468689,0.0,0.0,0.0,0.0,0.0,4.380033224111512,0.8764077176411329,0.6998462705129094,12.0,middle_mainstem_concentrated,False,antecedent_rain_overlap,False,False,evaluated,2026-08-10T17:00:00+00:00,0.15152367395161637,0.008731141504042528,0.12898897180123292,0.0031936241958885336,1.0,0.022534702150383445,0.1487206689403472,,,0.1,False,0.36148747470625964,0.30772681565438786,,False,,False,False,antecedent_rain_overlap
76,2026-08-10T18:00:00+00:00,2026-08-12T00:00:00+00:00,30.0,2026-08-12T18:00:00+00:00,next_rain_event,True,1.703,6.79,0.4499071328401831,6.0075593766468085,12.627681838882078,2026-08-11T00:00:00+00:00,6.0,2026-08-12T18:00:00+00:00,0.493088619762541,0.0398581307108674,1.2679676542973914,,,5,5,1.0,7.004725984763354,10.798399652121589,88.09523809523809,7.142857142857142,0.0,0.0,0.0,9.066379705350846,10.798399652121589,100.0,30.0,0.0,0.0,0.0,5.402229014628877,6.95134961605072,58.333333333333336,0.0,0.0,0.0,0.0,6.935397306550295,8.974999845027924,100.0,0.0,0.0,0.0,0.0,8.27167472045403,9.011249728500845,100.0,0.0,0.0,0.0,0.0,8.41904990375042,8.41904990375042,100.0,0.0,0.0,0.0,0.0,9.831609653588384,10.798399652121589,100.0,60.0,0.0,0.0,0.0,7.004725984763354,1.2943232504843143,0.7712263158301665,30.0,tributary_localized_direct_local,False,antecedent_rain_overlap,False,False,evaluated,2026-08-12T18:00:00+00:00,0.49308861976254104,0.03985813071086741,0.49308861976254104,0.03908307445583459,0.0,0.0,0.0,,,0.1,False,1.2679676542973914,1.2679676542973914,,False,,False,False,antecedent_rain_overlap
77,2026-08-12T18:00:00+00:00,2026-08-14T00:00:00+00:00,30.0,2026-08-14T13:00:00+00:00,dataset_right_edge,True,1.669,6.47,2.3651749170468457,7.531031924324841,13.93868294961673,,,2026-08-14T13:00:00+00:00,0.1827946278021066,0.0072162783509106,0.4815297048064087,,,5,5,1.0,2.2394713808386038,7.392850004136562,9.523809523809524,0.0,0.0,0.0,0.0,1.3274999594956172,1.925499943550676,0.0,0.0,0.0,0.0,0.0,3.6817207440326456,7.392850004136562,33.33333333333333,0.0,0.0,0.0,0.0,1.8301074735936709,2.3556499236729,0.0,0.0,0.0,0.0,0.0,1.3427249629748983,1.6937499248888344,0.0,0.0,0.0,0.0,0.0,1.925499943550676,1.925499943550676,0.0,0.0,0.0,0.0,0.0,1.19571995990118,1.320849955722224,0.0,0.0,0.0,0.0,0.0,2.2394713808386038,0.5927737995912745,1.6440133040030056,30.0,upper_lake_chain_concentrated,False,antecedent_rain_overlap,False,False,evaluated,2026-08-14T13:00:00+00:00,0.18279462780210665,0.007216278350910654,0.18279462780210665,0.0071722300299916775,0.0,0.0,0.0,,,0.1,False,0.4815297048064087,0.4815297048064087,,False,,False,False,antecedent_rain_overlap
