CFIA,PR_mm,Shp_Area,Shp_Perime,Station,StationNam,Stn_UID,_source_file
0.862259127789047,0.780466198803135,2590.88335366,360.639148567,05EA002,STURGEON RIVER AT ST. ALBERT,05EA002_1,CMC_HRDPA_WATERSHED-024-0700cutoff_SFC_0_ps2.5km_2026070106_000_05.dbf
0.856469002695418,0.823395274487899,1889.49091781,318.236156123,05EA005,STURGEON RIVER NEAR VILLENEUVE,05EA005_1,CMC_HRDPA_WATERSHED-024-0700cutoff_SFC_0_ps2.5km_2026070106_000_05.dbf
0.837713068181818,0.106603545404858,121.243196585,50.3451448569,05EA010,STURGEON RIVER NEAR MAGNOLIA BRIDGE,05EA010_1,CMC_HRDPA_WATERSHED-024-0700cutoff_SFC_0_ps2.5km_2026070106_000_05.dbf
0.867466517857143,0.754147100661482,97.0690958164,57.1534836129,05EA011,CARROT CREEK NEAR THE MOUTH,05EA011_1,CMC_HRDPA_WATERSHED-024-0700cutoff_SFC_0_ps2.5km_2026070106_000_05.dbf
0.879423253676471,0.78956314666635,287.073915676,89.9755621393,05EA012,ATIM CREEK AT CENTURY ROAD,05EA012_1,CMC_HRDPA_WATERSHED-024-0700cutoff_SFC_0_ps2.5km_2026070106_000_05.dbf
0.86214819979716,0.963319069158067,2590.88335366,360.639148567,05EA002,STURGEON RIVER AT ST. ALBERT,05EA002_1,CMC_HRDPA_WATERSHED-024-0700cutoff_SFC_0_ps2.5km_2026070112_000_05.dbf
0.856353183962264,1.054945939220488,1889.49091781,318.236156123,05EA005,STURGEON RIVER NEAR VILLENEUVE,05EA005_1,CMC_HRDPA_WATERSHED-024-0700cutoff_SFC_0_ps2.5km_2026070112_000_05.dbf
0.837357954545455,1.128397825061146,121.243196585,50.3451448569,05EA010,STURGEON RIVER NEAR MAGNOLIA BRIDGE,05EA010_1,CMC_HRDPA_WATERSHED-024-0700cutoff_SFC_0_ps2.5km_2026070112_000_05.dbf
0.867466517857143,0.950861534902028,97.0690958164,57.1534836129,05EA011,CARROT CREEK NEAR THE MOUTH,05EA011_1,CMC_HRDPA_WATERSHED-024-0700cutoff_SFC_0_ps2.5km_2026070112_000_05.dbf
0.879365808823529,0.793131137075012,287.073915676,89.9755621393,05EA012,ATIM CREEK AT CENTURY ROAD,05EA012_1,CMC_HRDPA_WATERSHED-024-0700cutoff_SFC_0_ps2.5km_2026070112_000_05.dbf
0.862821691176471,8.448415962242452,2590.88335366,360.639148567,05EA002,STURGEON RIVER AT ST. ALBERT,05EA002_1,CMC_HRDPA_WATERSHED-024-0700cutoff_SFC_0_ps2.5km_2026070206_000_05.dbf
0.857142857142857,8.853158662261347,1889.49091781,318.236156123,05EA005,STURGEON RIVER NEAR VILLENEUVE,05EA005_1,CMC_HRDPA_WATERSHED-024-0700cutoff_SFC_0_ps2.5km_2026070206_000_05.dbf
0.839370265151515,12.331102573510373,121.243196585,50.3451448569,05EA010,STURGEON RIVER NEAR MAGNOLIA BRIDGE,05EA010_1,CMC_HRDPA_WATERSHED-024-0700cutoff_SFC_0_ps2.5km_2026070206_000_05.dbf
0.868024553571429,8.006914121764046,97.0690958164,57.1534836129,05EA011,CARROT CREEK NEAR THE MOUTH,05EA011_1,CMC_HRDPA_WATERSHED-024-0700cutoff_SFC_0_ps2.5km_2026070206_000_05.dbf
0.879595588235294,5.200792182894314,287.073915676,89.9755621393,05EA012,ATIM CREEK AT CENTURY ROAD,05EA012_1,CMC_HRDPA_WATERSHED-024-0700cutoff_SFC_0_ps2.5km_2026070206_000_05.dbf
0.863035623732252,8.092362324557971,2590.88335366,360.639148567,05EA002,STURGEON RIVER AT ST. ALBERT,05EA002_1,CMC_HRDPA_WATERSHED-024-0700cutoff_SFC_0_ps2.5km_2026070212_000_05.dbf
0.857385023584906,8.423377525452976,1889.49091781,318.236156123,05EA005,STURGEON RIVER NEAR VILLENEUVE,05EA005_1,CMC_HRDPA_WATERSHED-024-0700cutoff_SFC_0_ps2.5km_2026070212_000_05.dbf
0.83984375,11.282433712121213,121.243196585,50.3451448569,05EA010,STURGEON RIVER NEAR MAGNOLIA BRIDGE,05EA010_1,CMC_HRDPA_WATERSHED-024-0700cutoff_SFC_0_ps2.5km_2026070212_000_05.dbf
0.868024553571429,7.657241514750889,97.0690958164,57.1534836129,05EA011,CARROT CREEK NEAR THE MOUTH,05EA011_1,CMC_HRDPA_WATERSHED-024-0700cutoff_SFC_0_ps2.5km_2026070212_000_05.dbf
0.879710477941177,5.15148444035474,287.073915676,89.9755621393,05EA012,ATIM CREEK AT CENTURY ROAD,05EA012_1,CMC_HRDPA_WATERSHED-024-0700cutoff_SFC_0_ps2.5km_2026070212_000_05.dbf
0.86399435851927,0.040096009199134,2590.88335366,360.639148567,05EA002,STURGEON RIVER AT ST. ALBERT,05EA002_1,CMC_HRDPA_WATERSHED-024-0700cutoff_SFC_0_ps2.5km_2026070306_000_05.dbf
0.858406334231806,0.024621960671317,1889.49091781,318.236156123,05EA005,STURGEON RIVER NEAR VILLENEUVE,05EA005_1,CMC_HRDPA_WATERSHED-024-0700cutoff_SFC_0_ps2.5km_2026070306_000_05.dbf
0.83984375,0.077000599090631,121.243196585,50.3451448569,05EA010,STURGEON RIVER NEAR MAGNOLIA BRIDGE,05EA010_1,CMC_HRDPA_WATERSHED-024-0700cutoff_SFC_0_ps2.5km_2026070306_000_05.dbf
0.869001116071429,0.083456381079963,97.0690958164,57.1534836129,05EA011,CARROT CREEK NEAR THE MOUTH,05EA011_1,CMC_HRDPA_WATERSHED-024-0700cutoff_SFC_0_ps2.5km_2026070306_000_05.dbf
0.880514705882353,0.03809834029411,287.073915676,89.9755621393,05EA012,ATIM CREEK AT CENTURY ROAD,05EA012_1,CMC_HRDPA_WATERSHED-024-0700cutoff_SFC_0_ps2.5km_2026070306_000_05.dbf
0.864049822515213,0.106267196835492,2590.88335366,360.639148567,05EA002,STURGEON RIVER AT ST. ALBERT,05EA002_1,CMC_HRDPA_WATERSHED-024-0700cutoff_SFC_0_ps2.5km_2026070312_000_05.dbf
0.858469508086253,0.1291639705755,1889.49091781,318.236156123,05EA005,STURGEON RIVER NEAR VILLENEUVE,05EA005_1,CMC_HRDPA_WATERSHED-024-0700cutoff_SFC_0_ps2.5km_2026070312_000_05.dbf
0.83984375,0.135881180185772,121.243196585,50.3451448569,05EA010,STURGEON RIVER NEAR MAGNOLIA BRIDGE,05EA010_1,CMC_HRDPA_WATERSHED-024-0700cutoff_SFC_0_ps2.5km_2026070312_000_05.dbf
0.869001116071429,0.035091525819888,97.0690958164,57.1534836129,05EA011,CARROT CREEK NEAR THE MOUTH,05EA011_1,CMC_HRDPA_WATERSHED-024-0700cutoff_SFC_0_ps2.5km_2026070312_000_05.dbf
0.880572150735294,0.035495130755842,287.073915676,89.9755621393,05EA012,ATIM CREEK AT CENTURY ROAD,05EA012_1,CMC_HRDPA_WATERSHED-024-0700cutoff_SFC_0_ps2.5km_2026070312_000_05.dbf
0.866506085192698,0.377319034421724,2590.88335366,360.639148567,05EA002,STURGEON RIVER AT ST. ALBERT,05EA002_1,CMC_HRDPA_WATERSHED-024-0700cutoff_SFC_0_ps2.5km_2026070406_000_05.dbf
0.861028049191375,0.434942795281776,1889.49091781,318.236156123,05EA005,STURGEON RIVER NEAR VILLENEUVE,05EA005_1,CMC_HRDPA_WATERSHED-024-0700cutoff_SFC_0_ps2.5km_2026070406_000_05.dbf
0.84375,1.535358669179859,121.243196585,50.3451448569,05EA010,STURGEON RIVER NEAR MAGNOLIA BRIDGE,05EA010_1,CMC_HRDPA_WATERSHED-024-0700cutoff_SFC_0_ps2.5km_2026070406_000_05.dbf
0.871372767857143,0.014392178688597,97.0690958164,57.1534836129,05EA011,CARROT CREEK NEAR THE MOUTH,05EA011_1,CMC_HRDPA_WATERSHED-024-0700cutoff_SFC_0_ps2.5km_2026070406_000_05.dbf
0.882984834558823,0.382140455027933,287.073915676,89.9755621393,05EA012,ATIM CREEK AT CENTURY ROAD,05EA012_1,CMC_HRDPA_WATERSHED-024-0700cutoff_SFC_0_ps2.5km_2026070406_000_05.dbf
0.867124112576065,0.330621900799016,2590.88335366,360.639148567,05EA002,STURGEON RIVER AT ST. ALBERT,05EA002_1,CMC_HRDPA_WATERSHED-024-0700cutoff_SFC_0_ps2.5km_2026070412_000_05.dbf
0.861744019541779,0.339361034026211,1889.49091781,318.236156123,05EA005,STURGEON RIVER NEAR VILLENEUVE,05EA005_1,CMC_HRDPA_WATERSHED-024-0700cutoff_SFC_0_ps2.5km_2026070412_000_05.dbf
0.843868371212121,1.740874615582553,121.243196585,50.3451448569,05EA010,STURGEON RIVER NEAR MAGNOLIA BRIDGE,05EA010_1,CMC_HRDPA_WATERSHED-024-0700cutoff_SFC_0_ps2.5km_2026070412_000_05.dbf
0.871651785714286,0.011205571329421,97.0690958164,57.1534836129,05EA011,CARROT CREEK NEAR THE MOUTH,05EA011_1,CMC_HRDPA_WATERSHED-024-0700cutoff_SFC_0_ps2.5km_2026070412_000_05.dbf
0.883042279411765,0.536032189669855,287.073915676,89.9755621393,05EA012,ATIM CREEK AT CENTURY ROAD,05EA012_1,CMC_HRDPA_WATERSHED-024-0700cutoff_SFC_0_ps2.5km_2026070412_000_05.dbf
0.8668943331643,0.159839596984715,2590.88335366,360.639148567,05EA002,STURGEON RIVER AT ST. ALBERT,05EA002_1,CMC_HRDPA_WATERSHED-024-0700cutoff_SFC_0_ps2.5km_2026070506_000_05.dbf
0.862839033018868,0.19208060479861,1889.49091781,318.236156123,05EA005,STURGEON RIVER NEAR VILLENEUVE,05EA005_1,CMC_HRDPA_WATERSHED-024-0700cutoff_SFC_0_ps2.5km_2026070506_000_05.dbf
0.84765625,1.193694432576497,121.243196585,50.3451448569,05EA010,STURGEON RIVER NEAR MAGNOLIA BRIDGE,05EA010_1,CMC_HRDPA_WATERSHED-024-0700cutoff_SFC_0_ps2.5km_2026070506_000_05.dbf
0.864955357142857,0.054718285200319,97.0690958164,57.1534836129,05EA011,CARROT CREEK NEAR THE MOUTH,05EA011_1,CMC_HRDPA_WATERSHED-024-0700cutoff_SFC_0_ps2.5km_2026070506_000_05.dbf
0.883329503676471,0.031547411837999,287.073915676,89.9755621393,05EA012,ATIM CREEK AT CENTURY ROAD,05EA012_1,CMC_HRDPA_WATERSHED-024-0700cutoff_SFC_0_ps2.5km_2026070506_000_05.dbf
0.866997337728195,0.127328484016426,2590.88335366,360.639148567,05EA002,STURGEON RIVER AT ST. ALBERT,05EA002_1,CMC_HRDPA_WATERSHED-024-0700cutoff_SFC_0_ps2.5km_2026070512_000_05.dbf
0.862954851752022,0.161251711991592,1889.49091781,318.236156123,05EA005,STURGEON RIVER NEAR VILLENEUVE,05EA005_1,CMC_HRDPA_WATERSHED-024-0700cutoff_SFC_0_ps2.5km_2026070512_000_05.dbf
0.84765625,0.947338066317818,121.243196585,50.3451448569,05EA010,STURGEON RIVER NEAR MAGNOLIA BRIDGE,05EA010_1,CMC_HRDPA_WATERSHED-024-0700cutoff_SFC_0_ps2.5km_2026070512_000_05.dbf
0.865094866071429,0.034588965088395,97.0690958164,57.1534836129,05EA011,CARROT CREEK NEAR THE MOUTH,05EA011_1,CMC_HRDPA_WATERSHED-024-0700cutoff_SFC_0_ps2.5km_2026070512_000_05.dbf
0.883386948529412,0.008463153848089,287.073915676,89.9755621393,05EA012,ATIM CREEK AT CENTURY ROAD,05EA012_1,CMC_HRDPA_WATERSHED-024-0700cutoff_SFC_0_ps2.5km_2026070512_000_05.dbf
0.86790060851927,2.033189276048184,2590.88335366,360.639148567,05EA002,STURGEON RIVER AT ST. ALBERT,05EA002_1,CMC_HRDPA_WATERSHED-024-0700cutoff_SFC_0_ps2.5km_2026070606_000_05.dbf
0.864060394204852,2.325159028533977,1889.49091781,318.236156123,05EA005,STURGEON RIVER NEAR VILLENEUVE,05EA005_1,CMC_HRDPA_WATERSHED-024-0700cutoff_SFC_0_ps2.5km_2026070606_000_05.dbf
0.848484848484849,1.808456671960426,121.243196585,50.3451448569,05EA010,STURGEON RIVER NEAR MAGNOLIA BRIDGE,05EA010_1,CMC_HRDPA_WATERSHED-024-0700cutoff_SFC_0_ps2.5km_2026070606_000_05.dbf
0.865652901785714,1.497534892388753,97.0690958164,57.1534836129,05EA011,CARROT CREEK NEAR THE MOUTH,05EA011_1,CMC_HRDPA_WATERSHED-024-0700cutoff_SFC_0_ps2.5km_2026070606_000_05.dbf
0.883501838235294,1.136419193709598,287.073915676,89.9755621393,05EA012,ATIM CREEK AT CENTURY ROAD,05EA012_1,CMC_HRDPA_WATERSHED-024-0700cutoff_SFC_0_ps2.5km_2026070606_000_05.dbf
0.869619992393509,2.039671895228341,2590.88335366,360.639148567,05EA002,STURGEON RIVER AT ST. ALBERT,05EA002_1,CMC_HRDPA_WATERSHED-024-0700cutoff_SFC_0_ps2.5km_2026070612_000_05.dbf
0.864671074797844,2.318961313631978,1889.49091781,318.236156123,05EA005,STURGEON RIVER NEAR VILLENEUVE,05EA005_1,CMC_HRDPA_WATERSHED-024-0700cutoff_SFC_0_ps2.5km_2026070612_000_05.dbf
0.848484848484849,1.695325809897799,121.243196585,50.3451448569,05EA010,STURGEON RIVER NEAR MAGNOLIA BRIDGE,05EA010_1,CMC_HRDPA_WATERSHED-024-0700cutoff_SFC_0_ps2.5km_2026070612_000_05.dbf
0.873465401785714,1.562082814318793,97.0690958164,57.1534836129,05EA011,CARROT CREEK NEAR THE MOUTH,05EA011_1,CMC_HRDPA_WATERSHED-024-0700cutoff_SFC_0_ps2.5km_2026070612_000_05.dbf
0.883903952205882,1.16015722471125,287.073915676,89.9755621393,05EA012,ATIM CREEK AT CENTURY ROAD,05EA012_1,CMC_HRDPA_WATERSHED-024-0700cutoff_SFC_0_ps2.5km_2026070612_000_05.dbf
0.869334748985801,1.2964601551e-05,2590.88335366,360.639148567,05EA002,STURGEON RIVER AT ST. ALBERT,05EA002_1,CMC_HRDPA_WATERSHED-024-0700cutoff_SFC_0_ps2.5km_2026070706_000_05.dbf
0.864492082210243,1.2964601551e-05,1889.49091781,318.236156123,05EA005,STURGEON RIVER NEAR VILLENEUVE,05EA005_1,CMC_HRDPA_WATERSHED-024-0700cutoff_SFC_0_ps2.5km_2026070706_000_05.dbf
0.848248106060606,0.0,121.243196585,50.3451448569,05EA010,STURGEON RIVER NEAR MAGNOLIA BRIDGE,05EA010_1,CMC_HRDPA_WATERSHED-024-0700cutoff_SFC_0_ps2.5km_2026070706_000_05.dbf
0.873186383928571,0.0,97.0690958164,57.1534836129,05EA011,CARROT CREEK NEAR THE MOUTH,05EA011_1,CMC_HRDPA_WATERSHED-024-0700cutoff_SFC_0_ps2.5km_2026070706_000_05.dbf
0.883559283088235,0.0,287.073915676,89.9755621393,05EA012,ATIM CREEK AT CENTURY ROAD,05EA012_1,CMC_HRDPA_WATERSHED-024-0700cutoff_SFC_0_ps2.5km_2026070706_000_05.dbf
0.869548681541582,1.3070175224e-05,2590.88335366,360.639148567,05EA002,STURGEON RIVER AT ST. ALBERT,05EA002_1,CMC_HRDPA_WATERSHED-024-0700cutoff_SFC_0_ps2.5km_2026070712_000_05.dbf
0.864702661725067,1.3070175224e-05,1889.49091781,318.236156123,05EA005,STURGEON RIVER NEAR VILLENEUVE,05EA005_1,CMC_HRDPA_WATERSHED-024-0700cutoff_SFC_0_ps2.5km_2026070712_000_05.dbf
0.848721590909091,0.0,121.243196585,50.3451448569,05EA010,STURGEON RIVER NEAR MAGNOLIA BRIDGE,05EA010_1,CMC_HRDPA_WATERSHED-024-0700cutoff_SFC_0_ps2.5km_2026070712_000_05.dbf
0.873465401785714,0.0,97.0690958164,57.1534836129,05EA011,CARROT CREEK NEAR THE MOUTH,05EA011_1,CMC_HRDPA_WATERSHED-024-0700cutoff_SFC_0_ps2.5km_2026070712_000_05.dbf
0.883674172794118,0.0,287.073915676,89.9755621393,05EA012,ATIM CREEK AT CENTURY ROAD,05EA012_1,CMC_HRDPA_WATERSHED-024-0700cutoff_SFC_0_ps2.5km_2026070712_000_05.dbf
0.87008747464503,2.974999984e-05,2590.88335366,360.639148567,05EA002,STURGEON RIVER AT ST. ALBERT,05EA002_1,CMC_HRDPA_WATERSHED-024-0700cutoff_SFC_0_ps2.5km_2026070806_000_05.dbf
0.865208052560647,2.974999984e-05,1889.49091781,318.236156123,05EA005,STURGEON RIVER NEAR VILLENEUVE,05EA005_1,CMC_HRDPA_WATERSHED-024-0700cutoff_SFC_0_ps2.5km_2026070806_000_05.dbf
0.850378787878788,0.0,121.243196585,50.3451448569,05EA010,STURGEON RIVER NEAR MAGNOLIA BRIDGE,05EA010_1,CMC_HRDPA_WATERSHED-024-0700cutoff_SFC_0_ps2.5km_2026070806_000_05.dbf
0.8740234375,0.0,97.0690958164,57.1534836129,05EA011,CARROT CREEK NEAR THE MOUTH,05EA011_1,CMC_HRDPA_WATERSHED-024-0700cutoff_SFC_0_ps2.5km_2026070806_000_05.dbf
0.884076286764706,0.0,287.073915676,89.9755621393,05EA012,ATIM CREEK AT CENTURY ROAD,05EA012_1,CMC_HRDPA_WATERSHED-024-0700cutoff_SFC_0_ps2.5km_2026070806_000_05.dbf
0.870071627789047,0.002494407158943,2590.88335366,360.639148567,05EA002,STURGEON RIVER AT ST. ALBERT,05EA002_1,CMC_HRDPA_WATERSHED-024-0700cutoff_SFC_0_ps2.5km_2026070812_000_05.dbf
0.865197523584906,0.002494407158943,1889.49091781,318.236156123,05EA005,STURGEON RIVER NEAR VILLENEUVE,05EA005_1,CMC_HRDPA_WATERSHED-024-0700cutoff_SFC_0_ps2.5km_2026070812_000_05.dbf
0.850378787878788,0.0,121.243196585,50.3451448569,05EA010,STURGEON RIVER NEAR MAGNOLIA BRIDGE,05EA010_1,CMC_HRDPA_WATERSHED-024-0700cutoff_SFC_0_ps2.5km_2026070812_000_05.dbf
0.8740234375,0.0,97.0690958164,57.1534836129,05EA011,CARROT CREEK NEAR THE MOUTH,05EA011_1,CMC_HRDPA_WATERSHED-024-0700cutoff_SFC_0_ps2.5km_2026070812_000_05.dbf
0.884018841911765,0.0,287.073915676,89.9755621393,05EA012,ATIM CREEK AT CENTURY ROAD,05EA012_1,CMC_HRDPA_WATERSHED-024-0700cutoff_SFC_0_ps2.5km_2026070812_000_05.dbf
0.869207974137931,0.062122064842333,2590.88335366,360.639148567,05EA002,STURGEON RIVER AT ST. ALBERT,05EA002_1,CMC_HRDPA_WATERSHED-024-0700cutoff_SFC_0_ps2.5km_2026070906_000_05.dbf
0.864355205525607,0.077767587148202,1889.49091781,318.236156123,05EA005,STURGEON RIVER NEAR VILLENEUVE,05EA005_1,CMC_HRDPA_WATERSHED-024-0700cutoff_SFC_0_ps2.5km_2026070906_000_05.dbf
0.84860321969697,0.247158395973119,121.243196585,50.3451448569,05EA010,STURGEON RIVER NEAR MAGNOLIA BRIDGE,05EA010_1,CMC_HRDPA_WATERSHED-024-0700cutoff_SFC_0_ps2.5km_2026070906_000_05.dbf
0.872767857142857,0.009397071503502,97.0690958164,57.1534836129,05EA011,CARROT CREEK NEAR THE MOUTH,05EA011_1,CMC_HRDPA_WATERSHED-024-0700cutoff_SFC_0_ps2.5km_2026070906_000_05.dbf
0.883674172794118,0.020483507529403,287.073915676,89.9755621393,05EA012,ATIM CREEK AT CENTURY ROAD,05EA012_1,CMC_HRDPA_WATERSHED-024-0700cutoff_SFC_0_ps2.5km_2026070906_000_05.dbf
0.869200050709939,0.082047680470124,2590.88335366,360.639148567,05EA002,STURGEON RIVER AT ST. ALBERT,05EA002_1,CMC_HRDPA_WATERSHED-024-0700cutoff_SFC_0_ps2.5km_2026070912_000_05.dbf
0.864344676549865,0.104650253526342,1889.49091781,318.236156123,05EA005,STURGEON RIVER NEAR VILLENEUVE,05EA005_1,CMC_HRDPA_WATERSHED-024-0700cutoff_SFC_0_ps2.5km_2026070912_000_05.dbf
0.84860321969697,0.517006727782163,121.243196585,50.3451448569,05EA010,STURGEON RIVER NEAR MAGNOLIA BRIDGE,05EA010_1,CMC_HRDPA_WATERSHED-024-0700cutoff_SFC_0_ps2.5km_2026070912_000_05.dbf
0.872767857142857,0.013566143029103,97.0690958164,57.1534836129,05EA011,CARROT CREEK NEAR THE MOUTH,05EA011_1,CMC_HRDPA_WATERSHED-024-0700cutoff_SFC_0_ps2.5km_2026070912_000_05.dbf
0.883616727941177,0.016598363639566,287.073915676,89.9755621393,05EA012,ATIM CREEK AT CENTURY ROAD,05EA012_1,CMC_HRDPA_WATERSHED-024-0700cutoff_SFC_0_ps2.5km_2026070912_000_05.dbf
0.870475722616633,1.644344867787061,2590.88335366,360.639148567,05EA002,STURGEON RIVER AT ST. ALBERT,05EA002_1,CMC_HRDPA_WATERSHED-024-0700cutoff_SFC_0_ps2.5km_2026071006_000_05.dbf
0.865692385444744,2.010188738612152,1889.49091781,318.236156123,05EA005,STURGEON RIVER NEAR VILLENEUVE,05EA005_1,CMC_HRDPA_WATERSHED-024-0700cutoff_SFC_0_ps2.5km_2026071006_000_05.dbf
0.8515625,2.904208212187796,121.243196585,50.3451448569,05EA010,STURGEON RIVER NEAR MAGNOLIA BRIDGE,05EA010_1,CMC_HRDPA_WATERSHED-024-0700cutoff_SFC_0_ps2.5km_2026071006_000_05.dbf
0.874162946428571,1.011300680892808,97.0690958164,57.1534836129,05EA011,CARROT CREEK NEAR THE MOUTH,05EA011_1,CMC_HRDPA_WATERSHED-024-0700cutoff_SFC_0_ps2.5km_2026071006_000_05.dbf
0.884191176470588,0.537269336774069,287.073915676,89.9755621393,05EA012,ATIM CREEK AT CENTURY ROAD,05EA012_1,CMC_HRDPA_WATERSHED-024-0700cutoff_SFC_0_ps2.5km_2026071006_000_05.dbf
0.870317254056795,2.323249236928038,2590.88335366,360.639148567,05EA002,STURGEON RIVER AT ST. ALBERT,05EA002_1,CMC_HRDPA_WATERSHED-024-0700cutoff_SFC_0_ps2.5km_2026071012_000_05.dbf
0.865566037735849,2.891797617117992,1889.49091781,318.236156123,05EA005,STURGEON RIVER NEAR VILLENEUVE,05EA005_1,CMC_HRDPA_WATERSHED-024-0700cutoff_SFC_0_ps2.5km_2026071012_000_05.dbf
0.8515625,2.306683576468266,121.243196585,50.3451448569,05EA010,STURGEON RIVER NEAR MAGNOLIA BRIDGE,05EA010_1,CMC_HRDPA_WATERSHED-024-0700cutoff_SFC_0_ps2.5km_2026071012_000_05.dbf
0.873883928571429,1.041074846472059,97.0690958164,57.1534836129,05EA011,CARROT CREEK NEAR THE MOUTH,05EA011_1,CMC_HRDPA_WATERSHED-024-0700cutoff_SFC_0_ps2.5km_2026071012_000_05.dbf
0.883961397058823,0.59143927693367,287.073915676,89.9755621393,05EA012,ATIM CREEK AT CENTURY ROAD,05EA012_1,CMC_HRDPA_WATERSHED-024-0700cutoff_SFC_0_ps2.5km_2026071012_000_05.dbf
0.872535813894523,10.150797288751505,2590.88335366,360.639148567,05EA002,STURGEON RIVER AT ST. ALBERT,05EA002_1,CMC_HRDPA_WATERSHED-024-0700cutoff_SFC_0_ps2.5km_2026071106_000_05.dbf
0.868008760107817,8.907681648300665,1889.49091781,318.236156123,05EA005,STURGEON RIVER NEAR VILLENEUVE,05EA005_1,CMC_HRDPA_WATERSHED-024-0700cutoff_SFC_0_ps2.5km_2026071106_000_05.dbf
0.854995265151515,11.01193743763548,121.243196585,50.3451448569,05EA010,STURGEON RIVER NEAR MAGNOLIA BRIDGE,05EA010_1,CMC_HRDPA_WATERSHED-024-0700cutoff_SFC_0_ps2.5km_2026071106_000_05.dbf
0.876116071428571,12.54154668535505,97.0690958164,57.1534836129,05EA011,CARROT CREEK NEAR THE MOUTH,05EA011_1,CMC_HRDPA_WATERSHED-024-0700cutoff_SFC_0_ps2.5km_2026071106_000_05.dbf
0.885454963235294,11.167257137158337,287.073915676,89.9755621393,05EA012,ATIM CREEK AT CENTURY ROAD,05EA012_1,CMC_HRDPA_WATERSHED-024-0700cutoff_SFC_0_ps2.5km_2026071106_000_05.dbf
0.872527890466531,13.137380581114886,2590.88335366,360.639148567,05EA002,STURGEON RIVER AT ST. ALBERT,05EA002_1,CMC_HRDPA_WATERSHED-024-0700cutoff_SFC_0_ps2.5km_2026071112_000_05.dbf
0.868029818059299,11.91877167244163,1889.49091781,318.236156123,05EA005,STURGEON RIVER NEAR VILLENEUVE,05EA005_1,CMC_HRDPA_WATERSHED-024-0700cutoff_SFC_0_ps2.5km_2026071112_000_05.dbf
0.854640151515151,16.111880360227644,121.243196585,50.3451448569,05EA010,STURGEON RIVER NEAR MAGNOLIA BRIDGE,05EA010_1,CMC_HRDPA_WATERSHED-024-0700cutoff_SFC_0_ps2.5km_2026071112_000_05.dbf
0.876116071428571,17.13410755566188,97.0690958164,57.1534836129,05EA011,CARROT CREEK NEAR THE MOUTH,05EA011_1,CMC_HRDPA_WATERSHED-024-0700cutoff_SFC_0_ps2.5km_2026071112_000_05.dbf
0.885397518382353,13.166627042433795,287.073915676,89.9755621393,05EA012,ATIM CREEK AT CENTURY ROAD,05EA012_1,CMC_HRDPA_WATERSHED-024-0700cutoff_SFC_0_ps2.5km_2026071112_000_05.dbf
0.872702205882353,18.40924268030008,2590.88335366,360.639148567,05EA002,STURGEON RIVER AT ST. ALBERT,05EA002_1,CMC_HRDPA_WATERSHED-024-0700cutoff_SFC_0_ps2.5km_2026071206_000_05.dbf
0.868219339622642,18.848373577601183,1889.49091781,318.236156123,05EA005,STURGEON RIVER NEAR VILLENEUVE,05EA005_1,CMC_HRDPA_WATERSHED-024-0700cutoff_SFC_0_ps2.5km_2026071206_000_05.dbf
0.854995265151515,19.65593314893318,121.243196585,50.3451448569,05EA010,STURGEON RIVER NEAR MAGNOLIA BRIDGE,05EA010_1,CMC_HRDPA_WATERSHED-024-0700cutoff_SFC_0_ps2.5km_2026071206_000_05.dbf
0.876255580357143,27.648651940482004,97.0690958164,57.1534836129,05EA011,CARROT CREEK NEAR THE MOUTH,05EA011_1,CMC_HRDPA_WATERSHED-024-0700cutoff_SFC_0_ps2.5km_2026071206_000_05.dbf
0.885454963235294,13.429464803022498,287.073915676,89.9755621393,05EA012,ATIM CREEK AT CENTURY ROAD,05EA012_1,CMC_HRDPA_WATERSHED-024-0700cutoff_SFC_0_ps2.5km_2026071206_000_05.dbf
0.872638818458418,15.936155320181083,2590.88335366,360.639148567,05EA002,STURGEON RIVER AT ST. ALBERT,05EA002_1,CMC_HRDPA_WATERSHED-024-0700cutoff_SFC_0_ps2.5km_2026071212_000_05.dbf
0.868145636792453,16.527323919486484,1889.49091781,318.236156123,05EA005,STURGEON RIVER NEAR VILLENEUVE,05EA005_1,CMC_HRDPA_WATERSHED-024-0700cutoff_SFC_0_ps2.5km_2026071212_000_05.dbf
0.854876893939394,15.759259281736432,121.243196585,50.3451448569,05EA010,STURGEON RIVER NEAR MAGNOLIA BRIDGE,05EA010_1,CMC_HRDPA_WATERSHED-024-0700cutoff_SFC_0_ps2.5km_2026071212_000_05.dbf
0.876116071428571,25.36097274507795,97.0690958164,57.1534836129,05EA011,CARROT CREEK NEAR THE MOUTH,05EA011_1,CMC_HRDPA_WATERSHED-024-0700cutoff_SFC_0_ps2.5km_2026071212_000_05.dbf
0.885454963235294,11.580061856438132,287.073915676,89.9755621393,05EA012,ATIM CREEK AT CENTURY ROAD,05EA012_1,CMC_HRDPA_WATERSHED-024-0700cutoff_SFC_0_ps2.5km_2026071212_000_05.dbf
0.873716404665314,0.055939915124373,2590.88335366,360.639148567,05EA002,STURGEON RIVER AT ST. ALBERT,05EA002_1,CMC_HRDPA_WATERSHED-024-0700cutoff_SFC_0_ps2.5km_2026071306_000_05.dbf
0.86939858490566,0.023154926174273,1889.49091781,318.236156123,05EA005,STURGEON RIVER NEAR VILLENEUVE,05EA005_1,CMC_HRDPA_WATERSHED-024-0700cutoff_SFC_0_ps2.5km_2026071306_000_05.dbf
0.85546875,0.000258000009126,121.243196585,50.3451448569,05EA010,STURGEON RIVER NEAR MAGNOLIA BRIDGE,05EA010_1,CMC_HRDPA_WATERSHED-024-0700cutoff_SFC_0_ps2.5km_2026071306_000_05.dbf
0.877092633928571,0.088450892462528,97.0690958164,57.1534836129,05EA011,CARROT CREEK NEAR THE MOUTH,05EA011_1,CMC_HRDPA_WATERSHED-024-0700cutoff_SFC_0_ps2.5km_2026071306_000_05.dbf
0.885971966911765,0.024516730931982,287.073915676,89.9755621393,05EA012,ATIM CREEK AT CENTURY ROAD,05EA012_1,CMC_HRDPA_WATERSHED-024-0700cutoff_SFC_0_ps2.5km_2026071306_000_05.dbf
0.873779792089249,0.048383109570925,2590.88335366,360.639148567,05EA002,STURGEON RIVER AT ST. ALBERT,05EA002_1,CMC_HRDPA_WATERSHED-024-0700cutoff_SFC_0_ps2.5km_2026071312_000_05.dbf
0.869451229784367,0.021792244701792,1889.49091781,318.236156123,05EA005,STURGEON RIVER NEAR VILLENEUVE,05EA005_1,CMC_HRDPA_WATERSHED-024-0700cutoff_SFC_0_ps2.5km_2026071312_000_05.dbf
0.85546875,0.004578516116336,121.243196585,50.3451448569,05EA010,STURGEON RIVER NEAR MAGNOLIA BRIDGE,05EA010_1,CMC_HRDPA_WATERSHED-024-0700cutoff_SFC_0_ps2.5km_2026071312_000_05.dbf
0.877232142857143,0.093340573699347,97.0690958164,57.1534836129,05EA011,CARROT CREEK NEAR THE MOUTH,05EA011_1,CMC_HRDPA_WATERSHED-024-0700cutoff_SFC_0_ps2.5km_2026071312_000_05.dbf
0.886086856617647,0.027878769346549,287.073915676,89.9755621393,05EA012,ATIM CREEK AT CENTURY ROAD,05EA012_1,CMC_HRDPA_WATERSHED-024-0700cutoff_SFC_0_ps2.5km_2026071312_000_05.dbf
0.873011219574036,0.008764436547289,2590.88335366,360.639148567,05EA002,STURGEON RIVER AT ST. ALBERT,05EA002_1,CMC_HRDPA_WATERSHED-024-0700cutoff_SFC_0_ps2.5km_2026071406_000_05.dbf
0.86862996967655,0.008953959970453,1889.49091781,318.236156123,05EA005,STURGEON RIVER NEAR VILLENEUVE,05EA005_1,CMC_HRDPA_WATERSHED-024-0700cutoff_SFC_0_ps2.5km_2026071406_000_05.dbf
0.85546875,0.015836878679693,121.243196585,50.3451448569,05EA010,STURGEON RIVER NEAR MAGNOLIA BRIDGE,05EA010_1,CMC_HRDPA_WATERSHED-024-0700cutoff_SFC_0_ps2.5km_2026071406_000_05.dbf
0.876255580357143,0.0,97.0690958164,57.1534836129,05EA011,CARROT CREEK NEAR THE MOUTH,05EA011_1,CMC_HRDPA_WATERSHED-024-0700cutoff_SFC_0_ps2.5km_2026071406_000_05.dbf
0.885512408088235,0.003925124941247,287.073915676,89.9755621393,05EA012,ATIM CREEK AT CENTURY ROAD,05EA012_1,CMC_HRDPA_WATERSHED-024-0700cutoff_SFC_0_ps2.5km_2026071406_000_05.dbf
0.873090453853955,0.008661676899736,2590.88335366,360.639148567,05EA002,STURGEON RIVER AT ST. ALBERT,05EA002_1,CMC_HRDPA_WATERSHED-024-0700cutoff_SFC_0_ps2.5km_2026071412_000_05.dbf
0.868682614555256,0.0088076325631,1889.49091781,318.236156123,05EA005,STURGEON RIVER NEAR VILLENEUVE,05EA005_1,CMC_HRDPA_WATERSHED-024-0700cutoff_SFC_0_ps2.5km_2026071412_000_05.dbf
0.85546875,0.015571454554006,121.243196585,50.3451448569,05EA010,STURGEON RIVER NEAR MAGNOLIA BRIDGE,05EA010_1,CMC_HRDPA_WATERSHED-024-0700cutoff_SFC_0_ps2.5km_2026071412_000_05.dbf
0.876534598214286,0.0,97.0690958164,57.1534836129,05EA011,CARROT CREEK NEAR THE MOUTH,05EA011_1,CMC_HRDPA_WATERSHED-024-0700cutoff_SFC_0_ps2.5km_2026071412_000_05.dbf
0.885627297794118,0.004205785720842,287.073915676,89.9755621393,05EA012,ATIM CREEK AT CENTURY ROAD,05EA012_1,CMC_HRDPA_WATERSHED-024-0700cutoff_SFC_0_ps2.5km_2026071412_000_05.dbf
0.872622971602434,1.234039531218555,2590.88335366,360.639148567,05EA002,STURGEON RIVER AT ST. ALBERT,05EA002_1,CMC_HRDPA_WATERSHED-024-0700cutoff_SFC_0_ps2.5km_2026071506_000_05.dbf
0.868219339622642,1.46665960258611,1889.49091781,318.236156123,05EA005,STURGEON RIVER NEAR VILLENEUVE,05EA005_1,CMC_HRDPA_WATERSHED-024-0700cutoff_SFC_0_ps2.5km_2026071506_000_05.dbf
0.85546875,3.314006863218365,121.243196585,50.3451448569,05EA010,STURGEON RIVER NEAR MAGNOLIA BRIDGE,05EA010_1,CMC_HRDPA_WATERSHED-024-0700cutoff_SFC_0_ps2.5km_2026071506_000_05.dbf
0.8759765625,0.214042415842414,97.0690958164,57.1534836129,05EA011,CARROT CREEK NEAR THE MOUTH,05EA011_1,CMC_HRDPA_WATERSHED-024-0700cutoff_SFC_0_ps2.5km_2026071506_000_05.dbf
0.885052849264706,0.978703120613799,287.073915676,89.9755621393,05EA012,ATIM CREEK AT CENTURY ROAD,05EA012_1,CMC_HRDPA_WATERSHED-024-0700cutoff_SFC_0_ps2.5km_2026071506_000_05.dbf
0.87302706643002,12.940452315986278,2590.88335366,360.639148567,05EA002,STURGEON RIVER AT ST. ALBERT,05EA002_1,CMC_HRDPA_WATERSHED-024-0700cutoff_SFC_0_ps2.5km_2026071512_000_05.dbf
0.868651027628032,13.194463542850833,1889.49091781,318.236156123,05EA005,STURGEON RIVER NEAR VILLENEUVE,05EA005_1,CMC_HRDPA_WATERSHED-024-0700cutoff_SFC_0_ps2.5km_2026071512_000_05.dbf
0.85546875,11.845372691298977,121.243196585,50.3451448569,05EA010,STURGEON RIVER NEAR MAGNOLIA BRIDGE,05EA010_1,CMC_HRDPA_WATERSHED-024-0700cutoff_SFC_0_ps2.5km_2026071512_000_05.dbf
0.876255580357143,17.71511677333287,97.0690958164,57.1534836129,05EA011,CARROT CREEK NEAR THE MOUTH,05EA011_1,CMC_HRDPA_WATERSHED-024-0700cutoff_SFC_0_ps2.5km_2026071512_000_05.dbf
0.885454963235294,8.814983879818636,287.073915676,89.9755621393,05EA012,ATIM CREEK AT CENTURY ROAD,05EA012_1,CMC_HRDPA_WATERSHED-024-0700cutoff_SFC_0_ps2.5km_2026071512_000_05.dbf
0.873185534989858,13.834579921397427,2590.88335366,360.639148567,05EA002,STURGEON RIVER AT ST. ALBERT,05EA002_1,CMC_HRDPA_WATERSHED-024-0700cutoff_SFC_0_ps2.5km_2026071606_000_05.dbf
0.868787904312669,14.632849667592833,1889.49091781,318.236156123,05EA005,STURGEON RIVER NEAR VILLENEUVE,05EA005_1,CMC_HRDPA_WATERSHED-024-0700cutoff_SFC_0_ps2.5km_2026071606_000_05.dbf
0.85546875,11.707713488376502,121.243196585,50.3451448569,05EA010,STURGEON RIVER NEAR MAGNOLIA BRIDGE,05EA010_1,CMC_HRDPA_WATERSHED-024-0700cutoff_SFC_0_ps2.5km_2026071606_000_05.dbf
0.876534598214286,18.388515983309066,97.0690958164,57.1534836129,05EA011,CARROT CREEK NEAR THE MOUTH,05EA011_1,CMC_HRDPA_WATERSHED-024-0700cutoff_SFC_0_ps2.5km_2026071606_000_05.dbf
0.885627297794118,6.858096361160278,287.073915676,89.9755621393,05EA012,ATIM CREEK AT CENTURY ROAD,05EA012_1,CMC_HRDPA_WATERSHED-024-0700cutoff_SFC_0_ps2.5km_2026071606_000_05.dbf
0.873684710953347,1.700038586909416,2590.88335366,360.639148567,05EA002,STURGEON RIVER AT ST. ALBERT,05EA002_1,CMC_HRDPA_WATERSHED-024-0700cutoff_SFC_0_ps2.5km_2026071612_000_05.dbf
0.868987954851752,2.107276503458579,1889.49091781,318.236156123,05EA005,STURGEON RIVER NEAR VILLENEUVE,05EA005_1,CMC_HRDPA_WATERSHED-024-0700cutoff_SFC_0_ps2.5km_2026071612_000_05.dbf
0.85546875,3.698647816975912,121.243196585,50.3451448569,05EA010,STURGEON RIVER NEAR MAGNOLIA BRIDGE,05EA010_1,CMC_HRDPA_WATERSHED-024-0700cutoff_SFC_0_ps2.5km_2026071612_000_05.dbf
0.878348214285714,0.118357929933284,97.0690958164,57.1534836129,05EA011,CARROT CREEK NEAR THE MOUTH,05EA011_1,CMC_HRDPA_WATERSHED-024-0700cutoff_SFC_0_ps2.5km_2026071612_000_05.dbf
0.8857421875,0.781880593913443,287.073915676,89.9755621393,05EA012,ATIM CREEK AT CENTURY ROAD,05EA012_1,CMC_HRDPA_WATERSHED-024-0700cutoff_SFC_0_ps2.5km_2026071612_000_05.dbf
0.873518318965517,0.07622048878144,2590.88335366,360.639148567,05EA002,STURGEON RIVER AT ST. ALBERT,05EA002_1,CMC_HRDPA_WATERSHED-024-0700cutoff_SFC_0_ps2.5km_2026071706_000_05.dbf
0.868830020215633,0.090674590286761,1889.49091781,318.236156123,05EA005,STURGEON RIVER NEAR VILLENEUVE,05EA005_1,CMC_HRDPA_WATERSHED-024-0700cutoff_SFC_0_ps2.5km_2026071706_000_05.dbf
0.85546875,0.322122333627759,121.243196585,50.3451448569,05EA010,STURGEON RIVER NEAR MAGNOLIA BRIDGE,05EA010_1,CMC_HRDPA_WATERSHED-024-0700cutoff_SFC_0_ps2.5km_2026071706_000_05.dbf
0.878208705357143,0.028293499922646,97.0690958164,57.1534836129,05EA011,CARROT CREEK NEAR THE MOUTH,05EA011_1,CMC_HRDPA_WATERSHED-024-0700cutoff_SFC_0_ps2.5km_2026071706_000_05.dbf
0.885512408088235,0.046326926053392,287.073915676,89.9755621393,05EA012,ATIM CREEK AT CENTURY ROAD,05EA012_1,CMC_HRDPA_WATERSHED-024-0700cutoff_SFC_0_ps2.5km_2026071706_000_05.dbf
0.873264769269777,0.000316333334805,2590.88335366,360.639148567,05EA002,STURGEON RIVER AT ST. ALBERT,05EA002_1,CMC_HRDPA_WATERSHED-024-0700cutoff_SFC_0_ps2.5km_2026071712_000_05.dbf
0.868893194070081,0.000311463237148,1889.49091781,318.236156123,05EA005,STURGEON RIVER NEAR VILLENEUVE,05EA005_1,CMC_HRDPA_WATERSHED-024-0700cutoff_SFC_0_ps2.5km_2026071712_000_05.dbf
0.85546875,0.0,121.243196585,50.3451448569,05EA010,STURGEON RIVER NEAR MAGNOLIA BRIDGE,05EA010_1,CMC_HRDPA_WATERSHED-024-0700cutoff_SFC_0_ps2.5km_2026071712_000_05.dbf
0.876534598214286,4.6000001021e-05,97.0690958164,57.1534836129,05EA011,CARROT CREEK NEAR THE MOUTH,05EA011_1,CMC_HRDPA_WATERSHED-024-0700cutoff_SFC_0_ps2.5km_2026071712_000_05.dbf
0.885569852941177,0.001202666667976,287.073915676,89.9755621393,05EA012,ATIM CREEK AT CENTURY ROAD,05EA012_1,CMC_HRDPA_WATERSHED-024-0700cutoff_SFC_0_ps2.5km_2026071712_000_05.dbf
0.870792659736308,0.0019054492687,2590.88335366,360.639148567,05EA002,STURGEON RIVER AT ST. ALBERT,05EA002_1,CMC_HRDPA_WATERSHED-024-0700cutoff_SFC_0_ps2.5km_2026071806_000_05.dbf
0.86744019541779,0.001932735287322,1889.49091781,318.236156123,05EA005,STURGEON RIVER NEAR VILLENEUVE,05EA005_1,CMC_HRDPA_WATERSHED-024-0700cutoff_SFC_0_ps2.5km_2026071806_000_05.dbf
0.85546875,0.013908333145082,121.243196585,50.3451448569,05EA010,STURGEON RIVER NEAR MAGNOLIA BRIDGE,05EA010_1,CMC_HRDPA_WATERSHED-024-0700cutoff_SFC_0_ps2.5km_2026071806_000_05.dbf
0.868024553571429,0.0,97.0690958164,57.1534836129,05EA011,CARROT CREEK NEAR THE MOUTH,05EA011_1,CMC_HRDPA_WATERSHED-024-0700cutoff_SFC_0_ps2.5km_2026071806_000_05.dbf
0.884306066176471,0.0,287.073915676,89.9755621393,05EA012,ATIM CREEK AT CENTURY ROAD,05EA012_1,CMC_HRDPA_WATERSHED-024-0700cutoff_SFC_0_ps2.5km_2026071806_000_05.dbf
0.870657961460446,0.006412829018217,2590.88335366,360.639148567,05EA002,STURGEON RIVER AT ST. ALBERT,05EA002_1,CMC_HRDPA_WATERSHED-024-0700cutoff_SFC_0_ps2.5km_2026071812_000_05.dbf
0.867303318733154,0.0064538189236,1889.49091781,318.236156123,05EA005,STURGEON RIVER NEAR VILLENEUVE,05EA005_1,CMC_HRDPA_WATERSHED-024-0700cutoff_SFC_0_ps2.5km_2026071812_000_05.dbf
0.854995265151515,0.0125448786994,121.243196585,50.3451448569,05EA010,STURGEON RIVER NEAR MAGNOLIA BRIDGE,05EA010_1,CMC_HRDPA_WATERSHED-024-0700cutoff_SFC_0_ps2.5km_2026071812_000_05.dbf
0.867745535714286,0.0,97.0690958164,57.1534836129,05EA011,CARROT CREEK NEAR THE MOUTH,05EA011_1,CMC_HRDPA_WATERSHED-024-0700cutoff_SFC_0_ps2.5km_2026071812_000_05.dbf
0.884191176470588,0.000622249990556,287.073915676,89.9755621393,05EA012,ATIM CREEK AT CENTURY ROAD,05EA012_1,CMC_HRDPA_WATERSHED-024-0700cutoff_SFC_0_ps2.5km_2026071812_000_05.dbf
0.871886092799189,16.286819108843076,2590.88335366,360.639148567,05EA002,STURGEON RIVER AT ST. ALBERT,05EA002_1,CMC_HRDPA_WATERSHED-024-0700cutoff_SFC_0_ps2.5km_2026071906_000_05.dbf
0.867534956199461,14.451259069365632,1889.49091781,318.236156123,05EA005,STURGEON RIVER NEAR VILLENEUVE,05EA005_1,CMC_HRDPA_WATERSHED-024-0700cutoff_SFC_0_ps2.5km_2026071906_000_05.dbf
0.853693181818182,18.768664649038605,121.243196585,50.3451448569,05EA010,STURGEON RIVER NEAR MAGNOLIA BRIDGE,05EA010_1,CMC_HRDPA_WATERSHED-024-0700cutoff_SFC_0_ps2.5km_2026071906_000_05.dbf
0.875139508928571,17.787652935300553,97.0690958164,57.1534836129,05EA011,CARROT CREEK NEAR THE MOUTH,05EA011_1,CMC_HRDPA_WATERSHED-024-0700cutoff_SFC_0_ps2.5km_2026071906_000_05.dbf
0.884076286764706,24.64622114686405,287.073915676,89.9755621393,05EA012,ATIM CREEK AT CENTURY ROAD,05EA012_1,CMC_HRDPA_WATERSHED-024-0700cutoff_SFC_0_ps2.5km_2026071906_000_05.dbf
0.871394840263692,24.126380864311667,2590.88335366,360.639148567,05EA002,STURGEON RIVER AT ST. ALBERT,05EA002_1,CMC_HRDPA_WATERSHED-024-0700cutoff_SFC_0_ps2.5km_2026071912_000_05.dbf
0.867029565363881,22.683081426389133,1889.49091781,318.236156123,05EA005,STURGEON RIVER NEAR VILLENEUVE,05EA005_1,CMC_HRDPA_WATERSHED-024-0700cutoff_SFC_0_ps2.5km_2026071912_000_05.dbf
0.852391098484849,27.776903672651812,121.243196585,50.3451448569,05EA010,STURGEON RIVER NEAR MAGNOLIA BRIDGE,05EA010_1,CMC_HRDPA_WATERSHED-024-0700cutoff_SFC_0_ps2.5km_2026071912_000_05.dbf
0.874581473214286,24.62623974255153,97.0690958164,57.1534836129,05EA011,CARROT CREEK NEAR THE MOUTH,05EA011_1,CMC_HRDPA_WATERSHED-024-0700cutoff_SFC_0_ps2.5km_2026071912_000_05.dbf
0.883616727941177,32.13836796143476,287.073915676,89.9755621393,05EA012,ATIM CREEK AT CENTURY ROAD,05EA012_1,CMC_HRDPA_WATERSHED-024-0700cutoff_SFC_0_ps2.5km_2026071912_000_05.dbf
0.875657644523327,9.262755816655034,2590.88335366,360.639148567,05EA002,STURGEON RIVER AT ST. ALBERT,05EA002_1,CMC_HRDPA_WATERSHED-024-0700cutoff_SFC_0_ps2.5km_2026072006_000_05.dbf
0.871557024932615,9.714310161508319,1889.49091781,318.236156123,05EA005,STURGEON RIVER NEAR VILLENEUVE,05EA005_1,CMC_HRDPA_WATERSHED-024-0700cutoff_SFC_0_ps2.5km_2026072006_000_05.dbf
0.859375,10.374413692589963,121.243196585,50.3451448569,05EA010,STURGEON RIVER NEAR MAGNOLIA BRIDGE,05EA010_1,CMC_HRDPA_WATERSHED-024-0700cutoff_SFC_0_ps2.5km_2026072006_000_05.dbf
0.879045758928571,9.39002445765904,97.0690958164,57.1534836129,05EA011,CARROT CREEK NEAR THE MOUTH,05EA011_1,CMC_HRDPA_WATERSHED-024-0700cutoff_SFC_0_ps2.5km_2026072006_000_05.dbf
0.886948529411765,7.584433969329385,287.073915676,89.9755621393,05EA012,ATIM CREEK AT CENTURY ROAD,05EA012_1,CMC_HRDPA_WATERSHED-024-0700cutoff_SFC_0_ps2.5km_2026072006_000_05.dbf
0.875507099391481,3.693050886748045,2590.88335366,360.639148567,05EA002,STURGEON RIVER AT ST. ALBERT,05EA002_1,CMC_HRDPA_WATERSHED-024-0700cutoff_SFC_0_ps2.5km_2026072012_000_05.dbf
0.871388561320755,3.629689861179362,1889.49091781,318.236156123,05EA005,STURGEON RIVER NEAR VILLENEUVE,05EA005_1,CMC_HRDPA_WATERSHED-024-0700cutoff_SFC_0_ps2.5km_2026072012_000_05.dbf
0.859375,4.806735988819238,121.243196585,50.3451448569,05EA010,STURGEON RIVER NEAR MAGNOLIA BRIDGE,05EA010_1,CMC_HRDPA_WATERSHED-024-0700cutoff_SFC_0_ps2.5km_2026072012_000_05.dbf
0.878766741071429,8.5704984494618,97.0690958164,57.1534836129,05EA011,CARROT CREEK NEAR THE MOUTH,05EA011_1,CMC_HRDPA_WATERSHED-024-0700cutoff_SFC_0_ps2.5km_2026072012_000_05.dbf
0.886891084558823,1.387744934243314,287.073915676,89.9755621393,05EA012,ATIM CREEK AT CENTURY ROAD,05EA012_1,CMC_HRDPA_WATERSHED-024-0700cutoff_SFC_0_ps2.5km_2026072012_000_05.dbf
0.875602180527383,6.745626969946809,2590.88335366,360.639148567,05EA002,STURGEON RIVER AT ST. ALBERT,05EA002_1,CMC_HRDPA_WATERSHED-024-0700cutoff_SFC_0_ps2.5km_2026072106_000_05.dbf
0.87151490902965,6.526636200131111,1889.49091781,318.236156123,05EA005,STURGEON RIVER NEAR VILLENEUVE,05EA005_1,CMC_HRDPA_WATERSHED-024-0700cutoff_SFC_0_ps2.5km_2026072106_000_05.dbf
0.859375,6.664868217526061,121.243196585,50.3451448569,05EA010,STURGEON RIVER NEAR MAGNOLIA BRIDGE,05EA010_1,CMC_HRDPA_WATERSHED-024-0700cutoff_SFC_0_ps2.5km_2026072106_000_05.dbf
0.879045758928571,10.309587478637695,97.0690958164,57.1534836129,05EA011,CARROT CREEK NEAR THE MOUTH,05EA011_1,CMC_HRDPA_WATERSHED-024-0700cutoff_SFC_0_ps2.5km_2026072106_000_05.dbf
0.886776194852941,5.89220136754653,287.073915676,89.9755621393,05EA012,ATIM CREEK AT CENTURY ROAD,05EA012_1,CMC_HRDPA_WATERSHED-024-0700cutoff_SFC_0_ps2.5km_2026072106_000_05.dbf
0.875633874239351,7.736961015339555,2590.88335366,360.639148567,05EA002,STURGEON RIVER AT ST. ALBERT,05EA002_1,CMC_HRDPA_WATERSHED-024-0700cutoff_SFC_0_ps2.5km_2026072112_000_05.dbf
0.871535966981132,5.958704779732902,1889.49091781,318.236156123,05EA005,STURGEON RIVER NEAR VILLENEUVE,05EA005_1,CMC_HRDPA_WATERSHED-024-0700cutoff_SFC_0_ps2.5km_2026072112_000_05.dbf
0.859375,2.286566777662797,121.243196585,50.3451448569,05EA010,STURGEON RIVER NEAR MAGNOLIA BRIDGE,05EA010_1,CMC_HRDPA_WATERSHED-024-0700cutoff_SFC_0_ps2.5km_2026072112_000_05.dbf
0.879185267857143,12.707763842173986,97.0690958164,57.1534836129,05EA011,CARROT CREEK NEAR THE MOUTH,05EA011_1,CMC_HRDPA_WATERSHED-024-0700cutoff_SFC_0_ps2.5km_2026072112_000_05.dbf
0.886833639705882,9.650008734534769,287.073915676,89.9755621393,05EA012,ATIM CREEK AT CENTURY ROAD,05EA012_1,CMC_HRDPA_WATERSHED-024-0700cutoff_SFC_0_ps2.5km_2026072112_000_05.dbf
0.875903270791075,3.599604173059978,2590.88335366,360.639148567,05EA002,STURGEON RIVER AT ST. ALBERT,05EA002_1,CMC_HRDPA_WATERSHED-024-0700cutoff_SFC_0_ps2.5km_2026072206_000_05.dbf
0.871767604447439,1.642385993666214,1889.49091781,318.236156123,05EA005,STURGEON RIVER NEAR VILLENEUVE,05EA005_1,CMC_HRDPA_WATERSHED-024-0700cutoff_SFC_0_ps2.5km_2026072206_000_05.dbf
0.859375,0.151416393744787,121.243196585,50.3451448569,05EA010,STURGEON RIVER NEAR MAGNOLIA BRIDGE,05EA010_1,CMC_HRDPA_WATERSHED-024-0700cutoff_SFC_0_ps2.5km_2026072206_000_05.dbf
0.879324776785714,8.742112006459918,97.0690958164,57.1534836129,05EA011,CARROT CREEK NEAR THE MOUTH,05EA011_1,CMC_HRDPA_WATERSHED-024-0700cutoff_SFC_0_ps2.5km_2026072206_000_05.dbf
0.887235753676471,5.177151313599418,287.073915676,89.9755621393,05EA012,ATIM CREEK AT CENTURY ROAD,05EA012_1,CMC_HRDPA_WATERSHED-024-0700cutoff_SFC_0_ps2.5km_2026072206_000_05.dbf
0.875863653651116,0.873799164664424,2590.88335366,360.639148567,05EA002,STURGEON RIVER AT ST. ALBERT,05EA002_1,CMC_HRDPA_WATERSHED-024-0700cutoff_SFC_0_ps2.5km_2026072212_000_05.dbf
0.871704430592992,0.302084097667239,1889.49091781,318.236156123,05EA005,STURGEON RIVER NEAR VILLENEUVE,05EA005_1,CMC_HRDPA_WATERSHED-024-0700cutoff_SFC_0_ps2.5km_2026072212_000_05.dbf
0.859375,0.002699499891605,121.243196585,50.3451448569,05EA010,STURGEON RIVER NEAR MAGNOLIA BRIDGE,05EA010_1,CMC_HRDPA_WATERSHED-024-0700cutoff_SFC_0_ps2.5km_2026072212_000_05.dbf
0.879324776785714,2.336799276194402,97.0690958164,57.1534836129,05EA011,CARROT CREEK NEAR THE MOUTH,05EA011_1,CMC_HRDPA_WATERSHED-024-0700cutoff_SFC_0_ps2.5km_2026072212_000_05.dbf
0.887293198529412,0.7078276942758,287.073915676,89.9755621393,05EA012,ATIM CREEK AT CENTURY ROAD,05EA012_1,CMC_HRDPA_WATERSHED-024-0700cutoff_SFC_0_ps2.5km_2026072212_000_05.dbf
0.876655996450304,0.003546387077574,2590.88335366,360.639148567,05EA002,STURGEON RIVER AT ST. ALBERT,05EA002_1,CMC_HRDPA_WATERSHED-024-0700cutoff_SFC_0_ps2.5km_2026072306_000_05.dbf
0.872588864555256,0.003689847438783,1889.49091781,318.236156123,05EA005,STURGEON RIVER NEAR VILLENEUVE,05EA005_1,CMC_HRDPA_WATERSHED-024-0700cutoff_SFC_0_ps2.5km_2026072306_000_05.dbf
0.859375,0.0,121.243196585,50.3451448569,05EA010,STURGEON RIVER NEAR MAGNOLIA BRIDGE,05EA010_1,CMC_HRDPA_WATERSHED-024-0700cutoff_SFC_0_ps2.5km_2026072306_000_05.dbf
0.880022321428571,0.001524666637124,97.0690958164,57.1534836129,05EA011,CARROT CREEK NEAR THE MOUTH,05EA011_1,CMC_HRDPA_WATERSHED-024-0700cutoff_SFC_0_ps2.5km_2026072306_000_05.dbf
0.887752757352941,0.0,287.073915676,89.9755621393,05EA012,ATIM CREEK AT CENTURY ROAD,05EA012_1,CMC_HRDPA_WATERSHED-024-0700cutoff_SFC_0_ps2.5km_2026072306_000_05.dbf
0.876655996450304,0.003522645153885,2590.88335366,360.639148567,05EA002,STURGEON RIVER AT ST. ALBERT,05EA002_1,CMC_HRDPA_WATERSHED-024-0700cutoff_SFC_0_ps2.5km_2026072312_000_05.dbf
0.872588864555256,0.003665186432723,1889.49091781,318.236156123,05EA005,STURGEON RIVER NEAR VILLENEUVE,05EA005_1,CMC_HRDPA_WATERSHED-024-0700cutoff_SFC_0_ps2.5km_2026072312_000_05.dbf
0.859375,0.0,121.243196585,50.3451448569,05EA010,STURGEON RIVER NEAR MAGNOLIA BRIDGE,05EA010_1,CMC_HRDPA_WATERSHED-024-0700cutoff_SFC_0_ps2.5km_2026072312_000_05.dbf
0.880022321428571,0.001518666625392,97.0690958164,57.1534836129,05EA011,CARROT CREEK NEAR THE MOUTH,05EA011_1,CMC_HRDPA_WATERSHED-024-0700cutoff_SFC_0_ps2.5km_2026072312_000_05.dbf
0.887752757352941,0.0,287.073915676,89.9755621393,05EA012,ATIM CREEK AT CENTURY ROAD,05EA012_1,CMC_HRDPA_WATERSHED-024-0700cutoff_SFC_0_ps2.5km_2026072312_000_05.dbf
0.875285243407708,0.018874995880826,2590.88335366,360.639148567,05EA002,STURGEON RIVER AT ST. ALBERT,05EA002_1,CMC_HRDPA_WATERSHED-024-0700cutoff_SFC_0_ps2.5km_2026072406_000_05.dbf
0.871220097708895,0.029864819588846,1889.49091781,318.236156123,05EA005,STURGEON RIVER NEAR VILLENEUVE,05EA005_1,CMC_HRDPA_WATERSHED-024-0700cutoff_SFC_0_ps2.5km_2026072406_000_05.dbf
0.859375,0.148982999594106,121.243196585,50.3451448569,05EA010,STURGEON RIVER NEAR MAGNOLIA BRIDGE,05EA010_1,CMC_HRDPA_WATERSHED-024-0700cutoff_SFC_0_ps2.5km_2026072406_000_05.dbf
0.878348214285714,0.001079296303538,97.0690958164,57.1534836129,05EA011,CARROT CREEK NEAR THE MOUTH,05EA011_1,CMC_HRDPA_WATERSHED-024-0700cutoff_SFC_0_ps2.5km_2026072406_000_05.dbf
0.886603860294118,0.011117544215214,287.073915676,89.9755621393,05EA012,ATIM CREEK AT CENTURY ROAD,05EA012_1,CMC_HRDPA_WATERSHED-024-0700cutoff_SFC_0_ps2.5km_2026072406_000_05.dbf
0.875079234279919,0.091320904248198,2590.88335366,360.639148567,05EA002,STURGEON RIVER AT ST. ALBERT,05EA002_1,CMC_HRDPA_WATERSHED-024-0700cutoff_SFC_0_ps2.5km_2026072412_000_05.dbf
0.87100951819407,0.129503675390825,1889.49091781,318.236156123,05EA005,STURGEON RIVER NEAR VILLENEUVE,05EA005_1,CMC_HRDPA_WATERSHED-024-0700cutoff_SFC_0_ps2.5km_2026072412_000_05.dbf
0.858901515151515,0.14884208274331,121.243196585,50.3451448569,05EA010,STURGEON RIVER NEAR MAGNOLIA BRIDGE,05EA010_1,CMC_HRDPA_WATERSHED-024-0700cutoff_SFC_0_ps2.5km_2026072412_000_05.dbf
0.878208705357143,0.124274882819544,97.0690958164,57.1534836129,05EA011,CARROT CREEK NEAR THE MOUTH,05EA011_1,CMC_HRDPA_WATERSHED-024-0700cutoff_SFC_0_ps2.5km_2026072412_000_05.dbf
0.886431525735294,0.01390985068005,287.073915676,89.9755621393,05EA012,ATIM CREEK AT CENTURY ROAD,05EA012_1,CMC_HRDPA_WATERSHED-024-0700cutoff_SFC_0_ps2.5km_2026072412_000_05.dbf
0.874429513184584,0.011134636320948,2590.88335366,360.639148567,05EA002,STURGEON RIVER AT ST. ALBERT,05EA002_1,CMC_HRDPA_WATERSHED-024-0700cutoff_SFC_0_ps2.5km_2026072506_000_05.dbf
0.870272489892183,0.017188908934424,1889.49091781,318.236156123,05EA005,STURGEON RIVER NEAR VILLENEUVE,05EA005_1,CMC_HRDPA_WATERSHED-024-0700cutoff_SFC_0_ps2.5km_2026072506_000_05.dbf
0.856534090909091,0.021500217201917,121.243196585,50.3451448569,05EA010,STURGEON RIVER NEAR MAGNOLIA BRIDGE,05EA010_1,CMC_HRDPA_WATERSHED-024-0700cutoff_SFC_0_ps2.5km_2026072506_000_05.dbf
0.877790178571429,0.0,97.0690958164,57.1534836129,05EA011,CARROT CREEK NEAR THE MOUTH,05EA011_1,CMC_HRDPA_WATERSHED-024-0700cutoff_SFC_0_ps2.5km_2026072506_000_05.dbf
0.885857077205882,0.005442083394074,287.073915676,89.9755621393,05EA012,ATIM CREEK AT CENTURY ROAD,05EA012_1,CMC_HRDPA_WATERSHED-024-0700cutoff_SFC_0_ps2.5km_2026072506_000_05.dbf
0.874603828600406,0.011121030328054,2590.88335366,360.639148567,05EA002,STURGEON RIVER AT ST. ALBERT,05EA002_1,CMC_HRDPA_WATERSHED-024-0700cutoff_SFC_0_ps2.5km_2026072512_000_05.dbf
0.870462011455526,0.017148545449317,1889.49091781,318.236156123,05EA005,STURGEON RIVER NEAR VILLENEUVE,05EA005_1,CMC_HRDPA_WATERSHED-024-0700cutoff_SFC_0_ps2.5km_2026072512_000_05.dbf
0.856889204545455,0.021445521740648,121.243196585,50.3451448569,05EA010,STURGEON RIVER NEAR MAGNOLIA BRIDGE,05EA010_1,CMC_HRDPA_WATERSHED-024-0700cutoff_SFC_0_ps2.5km_2026072512_000_05.dbf
0.877790178571429,0.0,97.0690958164,57.1534836129,05EA011,CARROT CREEK NEAR THE MOUTH,05EA011_1,CMC_HRDPA_WATERSHED-024-0700cutoff_SFC_0_ps2.5km_2026072512_000_05.dbf
0.886029411764706,0.005454611154467,287.073915676,89.9755621393,05EA012,ATIM CREEK AT CENTURY ROAD,05EA012_1,CMC_HRDPA_WATERSHED-024-0700cutoff_SFC_0_ps2.5km_2026072512_000_05.dbf
0.873930337221095,14.50183822465475,2590.88335366,360.639148567,05EA002,STURGEON RIVER AT ST. ALBERT,05EA002_1,CMC_HRDPA_WATERSHED-024-0700cutoff_SFC_0_ps2.5km_2026072606_000_05.dbf
0.869724983153639,15.247042851306679,1889.49091781,318.236156123,05EA005,STURGEON RIVER NEAR VILLENEUVE,05EA005_1,CMC_HRDPA_WATERSHED-024-0700cutoff_SFC_0_ps2.5km_2026072606_000_05.dbf
0.85546875,12.716629115017978,121.243196585,50.3451448569,05EA010,STURGEON RIVER NEAR MAGNOLIA BRIDGE,05EA010_1,CMC_HRDPA_WATERSHED-024-0700cutoff_SFC_0_ps2.5km_2026072606_000_05.dbf
0.876813616071429,20.55130342074803,97.0690958164,57.1534836129,05EA011,CARROT CREEK NEAR THE MOUTH,05EA011_1,CMC_HRDPA_WATERSHED-024-0700cutoff_SFC_0_ps2.5km_2026072606_000_05.dbf
0.885627297794118,8.639186164912056,287.073915676,89.9755621393,05EA012,ATIM CREEK AT CENTURY ROAD,05EA012_1,CMC_HRDPA_WATERSHED-024-0700cutoff_SFC_0_ps2.5km_2026072606_000_05.dbf
0.873874873225152,14.486758383485899,2590.88335366,360.639148567,05EA002,STURGEON RIVER AT ST. ALBERT,05EA002_1,CMC_HRDPA_WATERSHED-024-0700cutoff_SFC_0_ps2.5km_2026072612_000_05.dbf
0.869661809299191,15.230845970606225,1889.49091781,318.236156123,05EA005,STURGEON RIVER NEAR VILLENEUVE,05EA005_1,CMC_HRDPA_WATERSHED-024-0700cutoff_SFC_0_ps2.5km_2026072612_000_05.dbf
0.85546875,12.448690371079879,121.243196585,50.3451448569,05EA010,STURGEON RIVER NEAR MAGNOLIA BRIDGE,05EA010_1,CMC_HRDPA_WATERSHED-024-0700cutoff_SFC_0_ps2.5km_2026072612_000_05.dbf
0.876813616071429,20.413587638310023,97.0690958164,57.1534836129,05EA011,CARROT CREEK NEAR THE MOUTH,05EA011_1,CMC_HRDPA_WATERSHED-024-0700cutoff_SFC_0_ps2.5km_2026072612_000_05.dbf
0.885627297794118,8.796021521091461,287.073915676,89.9755621393,05EA012,ATIM CREEK AT CENTURY ROAD,05EA012_1,CMC_HRDPA_WATERSHED-024-0700cutoff_SFC_0_ps2.5km_2026072612_000_05.dbf
0.873938260649087,0.992193850140536,2590.88335366,360.639148567,05EA002,STURGEON RIVER AT ST. ALBERT,05EA002_1,CMC_HRDPA_WATERSHED-024-0700cutoff_SFC_0_ps2.5km_2026072706_000_05.dbf
0.869693396226415,1.173851273860276,1889.49091781,318.236156123,05EA005,STURGEON RIVER NEAR VILLENEUVE,05EA005_1,CMC_HRDPA_WATERSHED-024-0700cutoff_SFC_0_ps2.5km_2026072706_000_05.dbf
0.85546875,2.821741111350782,121.243196585,50.3451448569,05EA010,STURGEON RIVER NEAR MAGNOLIA BRIDGE,05EA010_1,CMC_HRDPA_WATERSHED-024-0700cutoff_SFC_0_ps2.5km_2026072706_000_05.dbf
0.877511160714286,0.082058293847641,97.0690958164,57.1534836129,05EA011,CARROT CREEK NEAR THE MOUTH,05EA011_1,CMC_HRDPA_WATERSHED-024-0700cutoff_SFC_0_ps2.5km_2026072706_000_05.dbf
0.885684742647059,0.110552826466469,287.073915676,89.9755621393,05EA012,ATIM CREEK AT CENTURY ROAD,05EA012_1,CMC_HRDPA_WATERSHED-024-0700cutoff_SFC_0_ps2.5km_2026072706_000_05.dbf
0.873898643509128,1.560187379890415,2590.88335366,360.639148567,05EA002,STURGEON RIVER AT ST. ALBERT,05EA002_1,CMC_HRDPA_WATERSHED-024-0700cutoff_SFC_0_ps2.5km_2026072712_000_05.dbf
0.869661809299191,1.861378596994378,1889.49091781,318.236156123,05EA005,STURGEON RIVER NEAR VILLENEUVE,05EA005_1,CMC_HRDPA_WATERSHED-024-0700cutoff_SFC_0_ps2.5km_2026072712_000_05.dbf
0.85546875,3.499157688834451,121.243196585,50.3451448569,05EA010,STURGEON RIVER NEAR MAGNOLIA BRIDGE,05EA010_1,CMC_HRDPA_WATERSHED-024-0700cutoff_SFC_0_ps2.5km_2026072712_000_05.dbf
0.877511160714286,0.232638737873027,97.0690958164,57.1534836129,05EA011,CARROT CREEK NEAR THE MOUTH,05EA011_1,CMC_HRDPA_WATERSHED-024-0700cutoff_SFC_0_ps2.5km_2026072712_000_05.dbf
0.885627297794118,0.1283824809809,287.073915676,89.9755621393,05EA012,ATIM CREEK AT CENTURY ROAD,05EA012_1,CMC_HRDPA_WATERSHED-024-0700cutoff_SFC_0_ps2.5km_2026072712_000_05.dbf
0.874049188640974,6.614830030751761,2590.88335366,360.639148567,05EA002,STURGEON RIVER AT ST. ALBERT,05EA002_1,CMC_HRDPA_WATERSHED-024-0700cutoff_SFC_0_ps2.5km_2026072806_000_05.dbf
0.86981974393531,4.855522979783883,1889.49091781,318.236156123,05EA005,STURGEON RIVER NEAR VILLENEUVE,05EA005_1,CMC_HRDPA_WATERSHED-024-0700cutoff_SFC_0_ps2.5km_2026072806_000_05.dbf
0.85546875,1.512678736990148,121.243196585,50.3451448569,05EA010,STURGEON RIVER NEAR MAGNOLIA BRIDGE,05EA010_1,CMC_HRDPA_WATERSHED-024-0700cutoff_SFC_0_ps2.5km_2026072806_000_05.dbf
0.877511160714286,9.54445721421923,97.0690958164,57.1534836129,05EA011,CARROT CREEK NEAR THE MOUTH,05EA011_1,CMC_HRDPA_WATERSHED-024-0700cutoff_SFC_0_ps2.5km_2026072806_000_05.dbf
0.8857421875,9.729990980204414,287.073915676,89.9755621393,05EA012,ATIM CREEK AT CENTURY ROAD,05EA012_1,CMC_HRDPA_WATERSHED-024-0700cutoff_SFC_0_ps2.5km_2026072806_000_05.dbf
0.874334432048682,6.200565607987843,2590.88335366,360.639148567,05EA002,STURGEON RIVER AT ST. ALBERT,05EA002_1,CMC_HRDPA_WATERSHED-024-0700cutoff_SFC_0_ps2.5km_2026072812_000_05.dbf
0.870167200134771,4.338666234697614,1889.49091781,318.236156123,05EA005,STURGEON RIVER NEAR VILLENEUVE,05EA005_1,CMC_HRDPA_WATERSHED-024-0700cutoff_SFC_0_ps2.5km_2026072812_000_05.dbf
0.856297348484849,1.499072905742761,121.243196585,50.3451448569,05EA010,STURGEON RIVER NEAR MAGNOLIA BRIDGE,05EA010_1,CMC_HRDPA_WATERSHED-024-0700cutoff_SFC_0_ps2.5km_2026072812_000_05.dbf
0.877650669642857,9.235429423195976,97.0690958164,57.1534836129,05EA011,CARROT CREEK NEAR THE MOUTH,05EA011_1,CMC_HRDPA_WATERSHED-024-0700cutoff_SFC_0_ps2.5km_2026072812_000_05.dbf
0.885914522058823,9.674167226342593,287.073915676,89.9755621393,05EA012,ATIM CREEK AT CENTURY ROAD,05EA012_1,CMC_HRDPA_WATERSHED-024-0700cutoff_SFC_0_ps2.5km_2026072812_000_05.dbf
